DE	EN	LEN	ROW	TIME
	The world of investing can be a jungle.	8	1	00:00:51a
	Bulls.	1	2	00:00:51b
	Bears.	1	3	00:00:54a
	Danger at every turn.	4	4	00:00:55a
	That's why we at Stratton Oakmont pride ourselves on being the best.	12	5	00:01:01a
	Trained professionals to guide you through the financial wilderness.	9	6	00:01:06a
	Stratton Oakmont.	2	7	00:01:08a
Stabilität.	Stability.	1	8	00:01:10a
Integrität.	Integrity.	1	9	00:01:12a
Stolz.	Pride.	1	10	00:01:13a
	One! Two!	2	11	00:01:19a
	Three!	1	12	00:01:21a
	Twenty-five grand to the first cocksucker to nail a bull's-eye!	10	13	00:01:29a
	Come on!	2	14	00:01:31a
	Let's go!	2	15	00:01:33a
	One! Two!	2	16	00:01:37a
	Three!	1	17	00:01:39a
	My name is Jordan Belfort.	5	18	00:01:41a
	Not him.	2	19	00:01:42a
	Me. That's right.	3	20	00:01:44a
	I'm a former member of the middle class raised by two accountants in a tiny apartment in Bayside,	18	21	00:01:46a
	Queens.	1	22	00:01:51a
	The year I turned 26, as the head of my own brokerage firm,	13	23	00:01:54a
	I made $49 million, which really pissed me off because it was three shy of a million a week.	19	24	00:01:58a
	No, no, no.	3	25	00:02:04a
	My Ferrari was white, like Don Johnson's in Miami Vice.	10	26	00:02:06a
	Not red.	2	27	00:02:14a
	See that humongous estate down there?	6	28	00:02:16a
	That's my house.	3	29	00:02:18a
	For millionaires whose ships...	4	30	00:02:20a
	My wife, Naomi, the Duchess of Bay Ridge,	8	31	00:02:20b
	Brooklyn, a former model and Miller Lite girl.	8	32	00:02:27a
	Yeah. She was the one with my cock in her mouth in the Ferrari.	14	33	00:02:31a
	So put your dick back in your pants.	8	34	00:02:33a
	In addition to Naomi and my two perfect kids,	9	35	00:02:36a
	I own a mansion, private jet,	6	36	00:02:38a
	six cars, three horses, two vacation homes,	7	37	00:02:40a
	and a 170-foot yacht.	4	38	00:02:45a
	Anchors aweigh!	2	39	00:02:50a
	I also gamble like a degenerate.	6	40	00:02:50b
	I drink like a fish.	5	41	00:02:53a
	I fuck hookers maybe five,	5	42	00:02:53b
	six times a week.	4	43	00:02:56a
	I have three different federal agencies looking to indict me.	10	44	00:02:59a
	Oh, yeah, and I love drugs.	6	45	00:03:02a
	Okay. One more round.	4	46	00:03:09a
	Oh, yeah.	2	47	00:03:10a
	Oh, you like it?	4	48	00:03:10b
	Yeah. Pull up.	3	49	00:03:24a
	Pull up!	2	50	00:03:24b
	We're gonna crash, for Christ sake!	6	51	00:03:26a
	Relax!	1	52	00:03:29a
	Just relax.	2	53	00:03:36a
	You okay?	2	54	00:03:42a
	Yeah, I'm all right.	4	55	00:03:44a
	Good job.	2	56	00:03:46a
	You get in there safe, all right?	7	57	00:03:48a
	Till the next time, brother.	5	58	00:03:50a
	Till next time.	3	59	00:03:57a
	Yup, on a daily basis I consume enough drugs to sedate Manhattan,	12	60	00:04:00a
	Long Island and Queens for a month.	7	61	00:04:06a
	Okay, Mr. Jordan.	3	62	00:04:08a
	I take Quaaludes 10 to 15 times a day for my back pain,	13	63	00:04:11a
	Adderall to stay focused, Xanax to take the edge off,	10	64	00:04:14a
	pot to mellow me out, cocaine to wake me back up again and morphine,	14	65	00:04:16a
	well, because it's awesome.	4	66	00:04:21a
	Good morning, Nathan.	3	67	00:04:29a
	But of all the drugs under God's blue heaven,	9	68	00:04:31a
	there is one that is my absolute favorite.	8	69	00:04:35a
	You see, enough of this shit'll make you invincible.	9	70	00:04:40a
	Able to conquer the world,	5	71	00:04:42a
	and eviscerate your enemies.	4	72	00:04:45a
	Ah! And I'm not talking about this.	7	73	00:04:50a
	I'm talking about this.	4	74	00:04:56a
	See, money doesn't just buy you a better life,	9	75	00:04:58a
	better food, better cars, better pussy.	6	76	00:05:00a
	It also makes you a better person.	7	77	00:05:03a
	You can give generously to the church or political party of your choice.	13	78	00:05:06a
	You can save the fucking spotted owl with money.	9	79	00:05:14a
	I always wanted to be rich.	6	80	00:05:14b
	So let me go back.	5	81	00:05:17a
	I'm 22 years old, newly married,	6	82	00:05:19a
	and already a money-crazed little shit.	6	83	00:05:22a
	So what do I do?	5	84	00:05:23a
	I go to the one place on Earth that befit my high-minded ambitions.	13	85	00:05:29a
	I love you.	3	86	00:05:40a
	You are lower than pond scum.	6	87	00:05:45a
	You got a problem with that,	6	88	00:05:47a
	Jordan?	1	89	00:05:49a
	No. No problem at all.	5	90	00:05:50a
	Good. Because that is what you are.	7	91	00:05:52a
	Pond scum.	2	92	00:05:54a
	Your job is connector, which means that you'll be dialing the phone over 500 times a day trying	18	93	00:05:59a
	to connect me with wealthy business owners.	7	94	00:06:02a
	And until you pass your Series 7,	7	95	00:06:04a
	that is all you're gonna fucking be doing.	8	96	00:06:04b
	Sit. Sit!	2	97	00:06:09a
	Now just so you know, last year I made over $300,000.	11	98	00:06:12a
	The other guy you'll be working for,	7	99	00:06:12b
	he made over a million.	5	100	00:06:16a
	A million dollars?	3	101	00:06:17a
	I could only imagine what a douchebag that guy must be.	11	102	00:06:20a
	Jordan Belfort.	2	103	00:06:22a
	Yes, sir.	2	104	00:06:23a
	Mark Hanna.	2	105	00:06:23b
	A pleasure to meet you.	5	106	00:06:25a
	And you as well.	4	107	00:06:25b
	I see you've already met the village asshole.	8	108	00:06:28a
	Smile and dial.	3	109	00:06:29a
	And don't pick up your fucking head until 1:00.	9	110	00:06:32a
	Hey, fuck him.	3	111	00:06:34a
	I'm the senior broker here.	5	112	00:06:34b
	He's just a worthless piker.	5	113	00:06:36a
	Why don't you blow me, Hanna?	6	114	00:06:38a
	Now did you really pitch a stock in your job interview?	11	115	00:06:42a
	I had to do something to stand out.	8	116	00:06:42b
	Right, sir?	2	117	00:06:44a
	I fucking love that.	4	118	00:06:47a
	Lunch.	1	119	00:06:47b
	Today.	1	120	00:06:47c
	Yeah. We don't start dialing at 9:30 because our clients are already answering the phone.	15	121	00:06:54a
	Three.	1	122	00:06:54b
	Two. One.	2	123	00:06:57a
	Let's fuck!	2	124	00:06:58a
	You want to know what money sounds like?	8	125	00:07:02a
	Go to a trading floor on Wall Street.	8	126	00:07:04a
	Fuck this, shit that.	4	127	00:07:05a
	Cunt, cock, asshole.	3	128	00:07:07a
	I couldn't believe how these guys talked to each other.	10	129	00:07:09a
	Good fucking package...	3	130	00:07:09b
	Piece of shit!	3	131	00:07:11a
	I was hooked in seconds.	5	132	00:07:13a
	It was like mainlining adrenaline.	5	133	00:07:16a
	Yeah. Fuckface, look at where the stock's at today,	9	134	00:07:16b
	huh? You motherfucker, you can't get any at 44...	9	135	00:07:21a
	Pick up the cocksucking phone!	5	136	00:07:21b
	Sorry...	1	137	00:07:26a
	You are such a fucking douchebag, Hanna.	7	138	00:07:28a
	We don't give two shits about how technology works because all we care about is getting fucking	17	139	00:07:31a
	rich.	1	140	00:07:34a
	Solid, 2,000.	2	141	00:07:34b
	Jordan Belfort.	2	142	00:07:37a
	Done! Time to paint the tape.	6	143	00:07:40a
	Whoo! 2,000.	2	144	00:07:40b
	Microsoft.	1	145	00:07:40c
	Going in the hole!	4	146	00:07:45a
	Come on.	2	147	00:07:47a
	Live. Live.	2	148	00:07:47b
	Hold on, that is hot.	5	149	00:07:51a
	In.	1	150	00:07:51b
	In. Shut that motherfucker.	4	151	00:07:51c
	Shut it!	2	152	00:07:51d
	Shut it!	2	153	00:07:51e
	Shut it!	2	154	00:07:54a
	Sold! Yeah.	2	155	00:08:15a
	Tootski?	1	156	00:08:23a
	Oh, no.	2	157	00:08:23b
	Thank you, though.	3	158	00:08:25a
	Mr. Hanna, what can I bring for you on this glorious afternoon?	12	159	00:08:28a
	Well, Hector, here's the game plan.	6	160	00:08:31a
	You're gonna bring us two Absolut martinis.	7	161	00:08:33a
	You know how I like them.	6	162	00:08:33b
	Straight up.	2	163	00:08:35a
	And then precisely seven and one half minutes after that,	10	164	00:08:38a
	you're gonna bring us two more.	6	165	00:08:39a
	Then two more after that every five minutes until one of us passes the fuck out.	16	166	00:08:45a
	Excellent strategy, sir.	3	167	00:08:47a
	I'm good with water for now.	6	168	00:08:49a
	Thank you.	2	169	00:08:51a
	It's his first day on Wall Street.	7	170	00:08:51b
	Give him time.	3	171	00:08:54a
	Thank you.	2	172	00:08:54b
	Mmm-hmm.	1	173	00:08:55a
	Thank you.	2	174	00:08:57a
	Mr. Hanna?	2	175	00:08:59a
	You're able to do drugs during the day and then still function,	12	176	00:09:02a
	still do your job?	4	177	00:09:05a
	How the fuck else would you do this job?	9	178	00:09:07a
	Cocaine and hookers, my friend.	5	179	00:09:09a
	Right.	1	180	00:09:11a
	Well, I got to say, I'm incredibly excited to be a part of your firm.	15	181	00:09:14a
	I mean...	2	182	00:09:17a
	The clients you have are absolutely...	6	183	00:09:18a
	Fuck the clients.	3	184	00:09:20a
	Your only responsibility is to put meat on the table.	10	185	00:09:25a
	You got a girlfriend?	4	186	00:09:26a
	I'm married.	2	187	00:09:26b
	I have a wife.	4	188	00:09:28a
	Her name is Teresa.	4	189	00:09:28b
	She cuts hair.	3	190	00:09:30a
	Congratulations.	1	191	00:09:30b
	Thank you.	2	192	00:09:31a
	Think about Teresa.	3	193	00:09:33a
	Name of the game.	4	194	00:09:34a
	Move the money from your client's pocket into your pocket.	10	195	00:09:38a
	Right.	1	196	00:09:39a
	But if you make your clients money at the same time,	11	197	00:09:41a
	it's advantageous to everyone.	4	198	00:09:41b
	Correct?	1	199	00:09:44a
	No. Number one rule of Wall Street.	7	200	00:09:49a
	Nobody...	1	201	00:09:50a
	I don't care if you're Warren Buffett or if you're Jimmy Buffett.	12	202	00:09:52a
	Nobody knows if a stock is gonna go up,	9	203	00:09:55a
	down, sideways, or in fucking circles.	6	204	00:09:57a
	Least of all stockbrokers,	4	205	00:09:57b
	right?	1	206	00:09:59a
	It's all a fugazi.	4	207	00:09:59b
	You know what a fugazi is?	6	208	00:10:02a
	Fugayzi.	1	209	00:10:02b
	It's a fake.	3	210	00:10:04a
	Fugayzi, fugazi, it's a whazy,	5	211	00:10:04b
	it's a woozy, it's...	4	212	00:10:07a
	Fairy dust.	2	213	00:10:07b
	It doesn't exist.	3	214	00:10:09a
	It's never landed.	3	215	00:10:09b
	It is no matter.	4	216	00:10:11a
	It's not on the elemental chart.	6	217	00:10:13a
	It's not fucking real.	4	218	00:10:15a
	Right?	1	219	00:10:15b
	Right.	1	220	00:10:17a
	Stay with me.	3	221	00:10:17b
	Mmm-hmm.	1	222	00:10:18a
	We don't create shit.	4	223	00:10:18b
	We don't build anything.	4	224	00:10:21a
	No.	1	225	00:10:22a
	So if you got a client who bought stock at eight and it now sits at 16,	17	226	00:10:25a
	he's all fucking happy.	4	227	00:10:27a
	He wants to cash in, liquidate,	6	228	00:10:29a
	take his fucking money and run home.	7	229	00:10:31a
	You don't let him do that.	6	230	00:10:31b
	Okay. 'Cause that would make it real.	7	231	00:10:33a
	Right.	1	232	00:10:35a
	No. What do you do?	5	233	00:10:36a
	You get another brilliant idea.	5	234	00:10:38a
	A special idea.	3	235	00:10:40a
	Another situation.	2	236	00:10:40b
	Another stock to reinvest his earnings and then some.	9	237	00:10:44a
	And he will, every single time.	6	238	00:10:47a
	Cause they're fucking addicted.	4	239	00:10:49a
	And you just keep doing this,	6	240	00:10:49b
	again and again and again.	5	241	00:10:52a
	Meanwhile, he thinks he's getting shit rich,	7	242	00:10:55a
	which he is, on paper.	5	243	00:10:57a
	But you and me, the brokers,	6	244	00:10:59a
	we're taking home cold hard cash via commission, motherfucker.	9	245	00:11:03a
	Right.	1	246	00:11:06a
	That's incredible, sir.	3	247	00:11:06b
	I can't tell you how excited I am.	8	248	00:11:09a
	You should be.	3	249	00:11:11a
	There's two keys to success in the broker business.	9	250	00:11:15a
	First of all...	3	251	00:11:16a
	You gotta stay relaxed.	4	252	00:11:19a
	Yeah. Do you jerk off?	5	253	00:11:23a
	Do I...	2	254	00:11:23b
	Do I jerk off?	4	255	00:11:25a
	Yeah. Yeah, I jerk off.	5	256	00:11:25b
	Yeah. How many times a week?	6	257	00:11:29a
	Like three or four.	4	258	00:11:31a
	Three or four times, maybe five.	6	259	00:11:32a
	Gotta pump those numbers up.	5	260	00:11:34a
	Those are rookie numbers in this racket.	7	261	00:11:36a
	I myself, I jerk off at least twice a day.	10	262	00:11:40a
	Wow. Once in the morning right after I work out,	10	263	00:11:42a
	then once right after lunch.	5	264	00:11:44a
	Really?	1	265	00:11:44b
	Mmm-hmm.	1	266	00:11:46a
	I want to.	3	267	00:11:46b
	That's not why I do it.	6	268	00:11:49a
	I do it 'cause I fucking need to.	8	269	00:11:52a
	Think about it.	3	270	00:11:52b
	You're dealing with numbers.	4	271	00:11:53a
	All day long, decimal points,	5	272	00:11:53b
	high frequencies.	2	273	00:11:56a
	Bang, bang, bang.	3	274	00:11:56b
	Fucking digits.	2	275	00:12:00a
	All very acidic above-the-shoulders mustard shit.	6	276	00:12:03a
	All right?	2	277	00:12:03b
	Mmm-hmm.	1	278	00:12:05a
	It kind of wigs some people out.	7	279	00:12:06a
	Right.	1	280	00:12:06b
	Mmm-hmm.	1	281	00:12:07a
	You got to feed the geese to keep the blood flowing.	11	282	00:12:09a
	I keep the rhythm below the belt.	7	283	00:12:11a
	Done. This is not a tip, this is a prescription.	10	284	00:12:14a
	Trust me.	2	285	00:12:14b
	Mmm-hmm.	1	286	00:12:16a
	If you don't, you will fall out of balance,	9	287	00:12:18a
	split your differential and tip the fuck over.	8	288	00:12:20a
	Or worse yet, I've seen this happen, implode.	8	289	00:12:24a
	No, I don't want to implode, sir.	7	290	00:12:26a
	No. No, you don't.	4	291	00:12:27a
	I'm in it for the long run,	7	292	00:12:27b
	you know?	2	293	00:12:28a
	Implosions are ugly.	3	294	00:12:28b
	Yeah. Pop off to the bathroom,	6	295	00:12:30a
	work one out any time you can.	7	296	00:12:32a
	When you get really good at it,	7	297	00:12:34a
	you'll fucking be stroking it and you'll be thinking about money.	11	298	00:12:37a
	Second key to success in this racket is this little baby right here.	13	299	00:12:43a
	It's called cocaine.	3	300	00:12:44a
	Right.	1	301	00:12:46a
	It'll keep you sharp between the ears.	7	302	00:12:48a
	It'll also help your fingers dial faster.	7	303	00:12:50a
	And guess what?	3	304	00:12:51a
	That's good for me.	4	305	00:12:53a
	Yes, sir.	2	306	00:12:55a
	Revolutions.	1	307	00:12:55b
	You follow?	2	308	00:12:57a
	Revolutions.	1	309	00:12:58a
	Keep the clients on the Ferris wheel.	7	310	00:13:00a
	And it goes.	3	311	00:13:00b
	The park is open 24/7, 365,	6	312	00:13:04a
	every decade, every goddamn century.	5	313	00:13:07a
	That's it.	2	314	00:13:07b
	The name of the game.	5	315	00:13:12a
	Halkidiki?	1	316	00:13:13a
	Mmm. Thank you.	3	317	00:13:16a
	Come on.	2	318	00:13:29a
	We're the common denominator.	4	319	00:13:38a
	Ah! Ah!	2	320	00:13:43a
	Keep it up for me.	5	321	00:13:45a
	You've seen the echo And the money comes in	9	322	00:13:49a
	The parade comes to town Going down Broadway It's a one-way street Whichever way I go	16	323	00:14:00a
	The next six months, I got to know the ins and outs of Wall Street.	15	324	00:14:04a
	Earning shit money as I geared up to take my Series 7.	12	325	00:14:11a
	Oh! Oh, fuckers.	3	326	00:14:16a
	Oh!	1	327	00:14:22a
	Then I was a licensed broker at last,	8	328	00:14:26a
	ready to make my fortune.	5	329	00:14:28a
	My first day as a future Master of the Universe.	10	330	00:14:39a
	I have Exxon at 86 1/4 six months ago.	9	331	00:14:42a
	Today it is trading at 36 1/2.	7	332	00:14:44a
	Mr...	1	333	00:14:49a
	They called it Black Monday.	5	334	00:14:52a
	No shit.	2	335	00:14:53a
	By 4:00 p.m., the market had dropped 508 points.	9	336	00:14:57a
	The biggest plummet since the crash of '29.	8	337	00:15:00a
	I know your family, you know mine.	7	338	00:15:02a
	No, I don't know.	4	339	00:15:02b
	Some fucking country in Europe took a shit.	8	340	00:15:05a
	Let them do what they want to fucking do.	9	341	00:15:06a
	Our market's solid.	3	342	00:15:08a
	This is not something that you want to sell.	9	343	00:15:09a
	You know what happened?	4	344	00:15:09b
	A fucking tsunami.	3	345	00:15:11a
	I think you're making a big mistake.	7	346	00:15:12a
	Yes, I will talk to your wife.	7	347	00:15:14a
	Trust me, do not answer the phone.	7	348	00:15:15a
	A lot of people are gonna be calling you,	9	349	00:15:17a
	trying to get your dirty laundry.	6	350	00:15:18a
	We don't know what's going on here.	7	351	00:15:19a
	I know.	2	352	00:15:19b
	I know.	2	353	00:15:21a
	Holy fucking shit!	3	354	00:15:38a
	Unbelievable.	1	355	00:15:40a
	My first shitty day as a broker.	7	356	00:15:42a
	Within a month, L.F.	4	357	00:15:42b
	Rothschild, an institution since 1899,	5	358	00:15:45a
	closed its doors.	3	359	00:15:50a
	Wall Street had swallowed me up and shit me right back out again.	13	360	00:15:57a
	We could pawn my engagement ring if we needed to.	10	361	00:16:00a
	Babe...	1	362	00:16:00b
	Because I don't mind.	4	363	00:16:02a
	If we needed to, I'm saying...	6	364	00:16:03a
	Will you listen to me?	5	365	00:16:03b
	Okay. You're not pawning anything.	5	366	00:16:04a
	Okay? Okay.	2	367	00:16:07a
	What do I always tell you?	6	368	00:16:08a
	You're gonna be a millionaire.	5	369	00:16:09a
	That's right.	2	370	00:16:09b
	Okay? Just let me look.	5	371	00:16:12a
	We'll find something.	3	372	00:16:13a
	How about this?	3	373	00:16:13b
	What? Nobody Beats the Wiz,	5	374	00:16:15a
	the electronics store.	3	375	00:16:17a
	Stock boy.	2	376	00:16:17b
	What do you think?	4	377	00:16:19a
	You're not gonna work at that place.	7	378	00:16:20a
	Yeah, but, you know, you start off...	7	379	00:16:22a
	Jordan, you're gonna be miserable at that place if you go there.	12	380	00:16:23a
	I know.	2	381	00:16:24a
	It's sales.	2	382	00:16:24b
	You work your way up, you'll be a general manager.	10	383	00:16:26a
	You're not gonna be a stock boy.	7	384	00:16:26b
	Why not?	2	385	00:16:28a
	Cause you're a stockbroker.	4	386	00:16:30a
	You understand that nobody's hiring stockbrokers right now?	8	387	00:16:32a
	You understand that?	3	388	00:16:34a
	Okay? Ah.	2	389	00:16:40a
	This place is.	3	390	00:16:42a
	What? What's that say?	4	391	00:16:44a
	Stockbrokers.	1	392	00:16:45a
	In Long Island?	3	393	00:16:48a
	Stockbrokers in Long Island?	4	394	00:16:48b
	Yeah. It's in Long Island.	5	395	00:16:49a
	So what?	2	396	00:17:01a
	Hey, I'm looking for	4	397	00:17:09a
	Investor's Center.	2	398	00:17:14a
	What's that?	2	399	00:17:14b
	You want to invest?	4	400	00:17:16a
	No.	1	401	00:17:16b
	Investor's Center.	2	402	00:17:16c
	I'm looking for	3	403	00:17:16d
	Investor's Center.	2	404	00:17:19a
	Yeah, yeah, that's us.	4	405	00:17:19b
	Hey. This is it.	4	406	00:17:19c
	This is it.	3	407	00:17:23a
	I'm Dwayne.	2	408	00:17:23b
	Yeah. You're Dwayne?	3	409	00:17:24a
	Hi, Dwayne.	2	410	00:17:24b
Wir haben telefoniert.	We spoke on the phone.	5	411	00:17:27a
	I'm Jordan Belfort.	3	412	00:17:28a
	I'm the broker from Rothschild in New York.	8	413	00:17:30a
	Yes, yeah.	2	414	00:17:30b
Nehmen Sie Platz.	Have a seat.	3	415	00:17:30c
Wie geht's Ihnen?	How are you?	3	416	00:17:33a
Wir hatten eine Unterhaltung...	We had a conversation...	4	417	00:17:34a
Wir haben vorhin telefoniert, richtig?	We spoke on the phone earlier, right?	6	418	00:17:34b
	Two hours ago.	3	420	00:17:35b
	Right.	1	421	00:17:36a
	Yeah.	1	422	00:17:40a
	They're up and comers.	4	423	00:17:40b
	That's what that means.	4	424	00:17:42a
	It's three cents a share, that's $3!	7	425	00:17:44a
	You cheap fuck!	3	426	00:17:46a
	So...	1	427	00:17:47a
	So where are your Quotrons here?	6	428	00:17:50a
	Quotrons?	1	429	00:17:50b
	Yeah. Your computers.	3	430	00:17:52a
	No, no.	2	431	00:17:52b
	We don't even need computers here.	6	432	00:17:54a
	We just trade right off the pink sheets here.	9	433	00:17:55a
Rosafarbene Blätter?	Pink sheets?	2	434	00:17:55b
Ja, es sind Pfennigaktien.	Yeah, they're penny stocks.	4	435	00:17:57a
Du weißt schon, Unternehmen, die nicht an der NASDAQ notiert werden können,	You know, companies that can't get listed on NASDAQ,	9	436	00:17:59a
die nicht genug Kapital haben?	they don't have enough capital?	5	437	00:18:00a
Ihre Aktien werden hier gehandelt.	Their shares trade here.	4	438	00:18:02a
	Penny stocks?	2	439	00:18:02b
	Yeah. This one, Aerodyne, is a really interesting...	8	440	00:18:06a
	Or Aerotyne...	2	441	00:18:08a
	Aerotyne, yeah.	2	442	00:18:10a
	Aero...	1	443	00:18:10b
	Aerotyne...	1	444	00:18:11a
	Aerotyne.	1	445	00:18:11b
	Yeah. Very hot stock right now.	6	446	00:18:14a
	Oh, yeah?	2	447	00:18:15a
Es sind nur ein paar Brüder, die aus ihrer Garage Radarwarner bauen.	They're just a couple of brothers that are making radar detectors out of their garage.	15	448	00:18:18a
	They're out in Dubuque.	4	449	00:18:19a
	Maybe it's microwaves.	3	450	00:18:19b
	I'm not sure.	3	451	00:18:20a
Aber du rufst die Hauptleitung des Unternehmens an,	But you call the company's main line,	7	452	00:18:22a
ihre Mutter, Dorothy, antwortet, und sie ist so süß.	their mom, Dorothy, answers and she is so sweet.	9	453	00:18:23a
	Good company.	2	454	00:18:23b
	I actually don't know what else to...	7	455	00:18:25a
Ich weiß nichts anderes über sie, davon abgesehen.	I don't know anything else about them, other than that.	10	456	00:18:27a
	Six cents a share?	4	457	00:18:30a
	Hey, come on.	3	458	00:18:30b
Wer kauft diesen Scheiß?	Who buys this crap?	4	459	00:18:33a
	Well, I mean...	3	460	00:18:34a
Ehrlicherweise meist Trottel.	Honestly, mostly schmucks.	3	461	00:18:35a
Postboten, es gibt immer Postboten.	Postmen, there's always postmen.	4	462	00:18:38a
Klempner.	Plumbers.	1	463	00:18:40a
Sie sehen unsere Anzeigen auf der Rückseite von Hustler und Popular Mechanics.	They see our ads in the back of Hustler and Popular Mechanics.	12	464	00:18:43a
Unsere Anzeigen sagen nämlich, dass sie schnell reich werden können.	Our ads actually say they can get rich quick.	9	465	00:18:46a
Hustler?	Hustler?	1	466	00:18:46b
Ja. Du weißt schon, diese Mädchenzeitschriften.	Yeah. You know, those girlie magazines.	6	467	00:18:48a
	Yeah, yeah.	2	468	00:18:48b
	Nudie mag.	2	469	00:18:50a
	A lot.	2	470	00:18:50b
	Yeah.	1	471	00:18:51a
Wir helfen ihnen dabei, Häuser zu finanzieren,	We're helping them finance houses,	5	472	00:18:53a
wir helfen ihnen, ihrer Frau einen Diamantring zu kaufen...	we're helping them buy their wife a diamond ring...	9	473	00:18:55a
Ein Boot vielleicht.	A boat maybe.	3	474	00:18:56a
	Is this...	2	475	00:18:56b
Ist der Kram hier geregelt oder seid ihr Jungs...	Is this stuff regulated or are you guys...	8	476	00:18:59a
	What are you doing here?	5	477	00:19:01a
	Uh...	1	478	00:19:03a
Sozusagen.	Sort of.	2	479	00:19:04a
	Sort of?	2	480	00:19:07a
	Jesus Christ, the spread on these is huge.	8	481	00:19:09a
	Yeah. And that's the point, that's...	6	482	00:19:11a
	What's your name again?	4	483	00:19:12a
	Mine...	1	484	00:19:12b
	Jordan Belfort.	2	485	00:19:13a
	Jordan, what do you get on that blue chip stock?	10	486	00:19:15a
	I make one percent.	4	487	00:19:15b
	Or I did make one percent.	6	488	00:19:18a
	Pink sheets, it's 50.	4	489	00:19:23a
	It's 50%?	2	490	00:19:25a
	50% commission?	2	491	00:19:27a
	Yup. For what?	3	492	00:19:29a
	It's our markup for our services.	6	493	00:19:32a
	And so if I...	4	494	00:19:32b
	If I...	2	495	00:19:33a
	If I sell a stock at $10000,	7	496	00:19:33b
	my commission is 5000 bucks?	5	497	00:19:38a
Wenn du diesen Bestand im Wert von $10000 verkaufst,	If you sell $10000 worth of this stock,	8	498	00:19:40a
Ich werde dir persönlich einen kostenlosen Blowjob verpassen.	I will personally give you a blowjob for free.	9	499	00:19:43a
Und ich hoffe, es geschieht.	And I hope it happens.	5	500	00:19:46a
Hallo, John, wie geht es Ihnen heute?	Hello, John, how are you doing today?	7	501	00:19:50a
Sie haben meiner Firma vor ein paar Wochen eine Postkarte geschickt,	You mailed in my company a postcard a few weeks back,	16	502	00:19:53a
Informationen über Pfennigbestände angefordert,	requesting information on penny stocks,			00:19:53b
die ein enormes Aufwärtspotenzial hatten,	that had huge upside potential,			00:19:53c
mit sehr geringem Abwärtsrisiko.	with very little downside risk.	10	503	00:19:58a
Klingelt da was bei Ihnen?	Does that ring a bell?	5	504	00:19:58b
Ja, ich habe vielleicht etwas geschickt.	Yeah, I may have sent something.	6	505	00:20:00a
Der Grund für den Anruf heute, John, ist,	The reason for the call today, John, is,	6	507	00:20:00c
Etwas ist gerade auf meinem Schreibtisch gelandet, John.	something just came across my desk, John.	9	508	00:20:06a
Es ist vielleicht das Beste, was ich in den letzten sechs Monaten gesehen habe.	It is perhaps the best thing I've seen in the last six months.	13	509	00:20:09a
Wenn Sie 60 Sekunden Zeit haben, würde ich die Idee gerne mit Ihnen teilen.	If you have 60 seconds, I'd like to share the idea with you.	13	510	00:20:11a
Haben Sie eine Minute Zeit?	You got a minute?	4	511	00:20:12a
Eigentlich, ich bin wirklich sehr...	Actually, I'm really very...	4	512	00:20:13a
Der Name der Firma, Aerotyne International.	The name of the company, Aerotyne International.	6	513	00:20:13b
Es ist ein hochmodernes Hightech-Unternehmen aus dem Mittleren Westen.	It is a cutting edge high-tech firm out of the Midwest	16	515	00:20:21a
in Erwartung der bevorstehenden Patentgenehmigung	awaiting imminent patent approval			00:20:21b
für die nächste Generation von Radarwarngeräten,	on the next generation of radar detectors,			00:20:21c
die heute sowohl im militärischen als auch im zivilen Bereich große Bedeutung haben.	that have both huge military and civilian applications now.	14	516	00:20:24a
Im Moment, John, werden die Aktien außerbörslich zu 10 Cent pro Aktie gehandelt.	Right now, John, the stock trades over-the-counter at 10 cents a share.	13	517	00:20:32a
Übrigens, John, unsere Analysten weisen darauf hin,	And by the way, John, our analysts indicate,	19	518	00:20:37a
es könnte noch viel höher gehen.	it could go a heck of a lot higher than that.			00:20:37b
Und übrigens, John, unsere Analysten weisen darauf hin, dass es noch viel höher gehen könnte.	And by the way, John, our analysts indicate, it could go a heck of a lot higher than that.			00:20:37c
Ihr Gewinn bei einer Investition von nur 6000 Dollar würde über 60000 Dollar betragen!	Your profit on a mere $6000 investment would be upwards of $60000!	12	519	00:20:43a
Mein Gott! Das ist meine Hypothek, Mann.	Jesus! That's my mortgage, man.	1	520	00:20:43b
Genau. Sie könnten Ihre Hypothek abbezahlen.	Exactly. You could pay off your mortgage.	1	522	00:20:45b
Diese Aktien würden mein Haus abbezahlen?	This stock will pay off my house?	7	524	00:20:48a
John, eines kann ich Ihnen versprechen, selbst auf diesem Markt, ist,	John, one thing I can promise you, even in this market, is	7	525	00:20:48b
dass ich meine Kunden nie darum bitte, mich nach meinen Gewinnern zu beurteilen.	that I never ask my clients to judge me on my winners.	17	526	00:20:55a
Ich bitte sie, mich nach meinen Verlierern zu beurteilen, weil ich so wenige habe.	I ask them, to judge me on my losers, because I have so few.	14	527	00:20:59a
Und im Falle von Aerotyne	And in the case of Aerotyne,	6	528	00:21:00a
auf der Grundlage aller technischen Faktoren, die es gibt,	based on every technical factor out there,	7	529	00:21:00b
Und im Falle von Aerotyne auf der Grundlage aller technischen Faktoren, die es gibt,	And in the case of Aerotyne, based on every technical factor out there,			00:21:00c
John, wir erwarten einen Grand Slam Home Run.	John, we are looking at a grand slam home run.	10	530	00:21:06a
Okay, tun wir's.	Okay, let's do it.	4	531	00:21:06b
Ich setze vier Riesen.	I'll do four grand.	4	532	00:21:09a
Das wären 40000 Aktien, John.	That'd be 40000 shares, John.	5	534	00:21:11a
Ich werde diesen Handel sofort abschließen...	Let me lock in that trade right now...	20	535	00:21:14a
Ich werde mich mit meiner Sekretärin mit einer genauen Bestätigung bei Ihnen melden.	Let me get back to you with my secretary with an exact confirmation.			00:21:14b
Ich werde diesen Handel sofort abschließen und mich mit meiner Sekretärin mit einer genauen Bestätigung bei Ihnen melden.	Let me lock in that trade right now, and get back to you, with my secretary, with an exact confirmation.			00:21:14c
Klingt gut, John?	Sound good, John?	3	536	00:21:16a
Ja, klingt gut.	Yeah, sounds good.	3	537	00:21:16b
	Great.	1	538	00:21:18a
	Hey, John.	2	539	00:21:19a
Vertrauensvotum.	Vote of confidence.			00:21:19b
Ich danke Ihnen für Ihren Vertrauensvotum.	Thank you for your vote of confidence.	7	540	00:21:21a
Und willkommen im Investor's Center.	And welcome to the Investor's Center.	4	541	00:21:21b
Ja, vielen Dank, Mann.	Yeah, thanks a lot, man.	5	543	00:21:24a
Wie hast du das gemacht, verdammt?	How'd you fucking do that?	5	545	00:21:30a
Einfach so habe ich zwei Riesen verdient.	Just like that, I made two grand.	7	546	00:21:35a
Die anderen Jungs sahen mich an, als hätte ich gerade Feuer entdeckt.	The other guys looked at me like I'd just discovered fire.	11	547	00:21:39a
	Great!	1	548	00:21:39b
	Even better!	2	549	00:21:41a
	I was selling garbage to garbage men and making cash hand over fist.	13	550	00:21:45a
	I was selling garbage to garbage men and making cash hand over fist.	13	550	00:21:45b
	I was selling garbage to garbage men and making cash hand over fist.	13	550	00:21:45c
	The only problem you're gonna have is that you didn't buy more.	12	551	00:21:48a
	Boom shocka locka!	3	552	00:21:49a
	So I was selling them shit.	6	553	00:21:49b
	But the way I looked at it,	7	554	00:21:51a
	their money was better off in my pocket.	8	555	00:21:54a
	I knew how to spend it better.	7	556	00:21:57a
	Excuse me.	2	557	00:21:57b
	Is that your car in the lot?	7	558	00:21:59a
	Yeah. It's a nice ride.	5	559	00:22:01a
	Thanks, man.	2	560	00:22:03a
	Donnie Azoff.	2	561	00:22:04a
	Hey. I'm Jordan Belfort.	4	562	00:22:05a
	Nice to meet you.	4	563	00:22:05b
	How you doing?	3	564	00:22:06a
	You know, actually, I see that car around.	8	565	00:22:08a
	I see it around a lot.	6	566	00:22:08b
	Oh, yeah, where?	3	567	00:22:10a
	I think we live in the same building.	8	568	00:22:12a
	No shit?	2	569	00:22:12b
	Yeah, yeah.	2	570	00:22:13a
	Twelfth floor?	2	571	00:22:13b
	Yeah. What floor are you on?	6	572	00:22:15a
	Fourth floor.	2	573	00:22:16a
	I have two little kids.	5	574	00:22:16b
	Ugly wife.	2	575	00:22:16c
	Right.	1	576	00:22:18a
	What do you do, bro?	5	577	00:22:22a
	What do you mean, what do I do?	8	578	00:22:24a
	For work, what do you do?	6	579	00:22:25a
	I'm a stockbroker.	3	580	00:22:27a
	Stockbroker?	1	581	00:22:27b
	Yeah. Children's furniture.	3	582	00:22:30a
	Oh, good for you.	4	583	00:22:31a
	It's all right.	3	584	00:22:33a
	You make a lot of money?	6	585	00:22:36a
	Yeah, I do all right for myself.	7	586	00:22:38a
	I'm trying to put it together.	6	587	00:22:40a
	You got your fucking nice car,	6	588	00:22:40b
	we live in the same building.	6	589	00:22:40c
	I just...	2	590	00:22:42a
	I'm not understanding...	3	591	00:22:42b
	How much money do you make?	6	592	00:22:46a
	I don't know.	3	593	00:22:46b
	$70,000 last month.	3	594	00:22:49a
	Get the fuck...	3	595	00:22:51a
	Get the fuck out of here.	6	596	00:22:52a
	No, I'm serious.	3	597	00:22:54a
	Yeah, no, I'm serious, too.	5	598	00:22:55a
	Seriously, how much money do you make?	7	599	00:22:57a
	I told you.	3	600	00:22:57b
	$70,000.	1	601	00:23:00a
	Well, technically, $72,000.	3	602	00:23:02a
	Last month.	2	603	00:23:02b
	Something like that.	3	604	00:23:05a
	You made 72 grand in one month?	7	605	00:23:07a
	Yeah. I'll tell you what.	5	606	00:23:15a
	You show me a pay stub for $72,000 on it,	10	607	00:23:17a
	I quit my job right now and I work for you.	11	608	00:23:27a
	Hey, Paulie, what's up?	4	609	00:23:29a
	No, yeah, yeah.	3	610	00:23:29b
	No, everything's fine.	3	611	00:23:31a
	Hey, listen, I quit.	4	612	00:23:32a
	And he did quit his job.	6	613	00:23:34a
	Which I thought was a little weird.	7	614	00:23:36a
	I mean, I just met this fucking guy.	8	615	00:23:37a
	Don't fucking tell Susan.	4	616	00:23:37b
	It's none of her business.	5	617	00:23:39a
	There were other things about him, too.	7	618	00:23:41a
	Like his phosphorescent white teeth.	5	619	00:23:43a
	...wife!	1	620	00:23:43b
	I gotta fucking deal with your wife?	7	621	00:23:44a
	The fact that he wore horn rims with clear lenses just to look more WASP-y.	15	622	00:23:48a
	And then, there were these rumors.	6	623	00:23:52a
	I heard some stupid shit.	5	624	00:23:52b
	I don't know.	3	625	00:23:54a
	Fuck, I didn't even want to bring it up.	9	626	00:23:54b
	It's just...	2	627	00:23:56a
	It's stupid.	2	628	00:23:56b
	Shit with me?	3	629	00:23:58a
	You know, people say shit.	5	630	00:23:58b
	I don't even know.	4	631	00:24:01a
	I don't even listen to it half the time.	9	632	00:24:04a
	What are they saying?	4	633	00:24:06a
	Shit about you and your cousin or something like that.	10	634	00:24:08a
	I don't even listen to it.	6	635	00:24:10a
	Bro, it's not like that.	5	636	00:24:12a
	It's not like that.	4	637	00:24:14a
	Like you married your cousin or some stupid shit.	9	638	00:24:14b
	No? Yeah, my wife.	4	639	00:24:17a
	Yeah. My wife is my cousin,	6	640	00:24:19a
	or whatever.	2	641	00:24:20a
	But it's not like what you think,	7	642	00:24:20b
	or whatever, you know.	4	643	00:24:23a
	Is she like a first cousin,	6	644	00:24:23b
	or is she...	3	645	00:24:25a
	Yeah, no, she's, you know...	5	646	00:24:27a
	Her...	1	647	00:24:27b
	Her father is the brother of my mom.	8	648	00:24:32a
	It's not like, what...	4	649	00:24:32b
	You know.	2	650	00:24:33a
	Look, we grew up together.	5	651	00:24:35a
	And she grew up hot, you know.	7	652	00:24:35b
	She fucking grew up hot.	5	653	00:24:37a
	And all my friends were trying to fuck her,	9	654	00:24:37b
	you know.	2	655	00:24:39a
	And I'm not gonna let someone...	6	656	00:24:41a
	You know, one of these assholes fuck my cousin,	9	657	00:24:43a
	so, you know, I used the cousin thing as like an in with her.	14	658	00:24:46a
	I'm not gonna let someone else fuck my cousin.	9	659	00:24:49a
	You know, if anyone's gonna fuck my cousin,	8	660	00:24:51a
	it's gonna be me, out of respect.	7	661	00:24:51b
	You know?	2	662	00:24:52a
	No, I get it.	4	663	00:24:52b
	Yeah. I mean, you're not afraid of like the whole kid thing,	12	664	00:24:54a
	right?	1	665	00:24:56a
	What? Having kids with her?	5	666	00:24:56b
	Yeah. No.	2	667	00:24:57a
	We have two kids.	4	668	00:24:59a
	And they're...	2	669	00:24:59b
	I mean...	2	670	00:25:00a
	I don't want to get personal,	6	671	00:25:00b
	but they're okay?	3	672	00:25:03a
	No, they're not retarded or anything like that.	8	673	00:25:05a
	But there's a big chance, right, if...	7	674	00:25:07a
	Yeah, there's like a 60%, you know,	7	675	00:25:09a
	60 to 65% chance the kid's gonna be fucking retarded or whatever.	12	676	00:25:13a
	That'd scare the shit out of me, buddy.	8	677	00:25:15a
	Look, man, a lot of having a kid,	8	678	00:25:15b
	or whatever, takes risk, whether you're fucking cousins or not.	10	679	00:25:18a
	What if something like that happened?	6	680	00:25:21a
	Basically, you know, if the kid was retarded,	8	681	00:25:23a
	I would, you know, drive it up to the country and just,	12	682	00:25:26a
	like, you know, open the door and say,	8	683	00:25:28a
	You're free now.	3	684	00:25:28b
	You know, like, Run free.	5	685	00:25:31a
	You know?	2	686	00:25:36a
	You're completely fucking with me.	5	687	00:25:39a
	That's horrible.	2	688	00:25:41a
	You're not gonna...	3	689	00:25:43a
	You look like you've...	4	690	00:25:43b
	No. We would take it to, like,	7	691	00:25:44a
	an institution or somewhere that's handled to,	7	692	00:25:46a
	like, you know, raise the kid or whatever.	8	693	00:25:49a
	You know what?	3	694	00:25:49b
	If you're happy, God bless you, buddy.	7	695	00:25:52a
	No, I'm not fucking happy.	5	696	00:25:52b
	No one who's married is fucking happy.	7	697	00:25:55a
	Well, I'm sorry to hear that, buddy.	7	698	00:25:57a
	Listen, I'm really, you know...	5	699	00:25:59a
	I'm really appreciative for this fucking job.	7	700	00:26:02a
	I'm really enjoying it.	4	701	00:26:03a
	I'm really happy with what you're doing.	7	702	00:26:04a
	Actually, I got you a little present.	7	703	00:26:07a
	You got me a present?	5	704	00:26:07b
	I got you something.	4	705	00:26:08a
	Oh, fuck.	2	706	00:26:08b
	You're sweet.	2	707	00:26:10a
	Yeah. It's in the back though.	6	708	00:26:12a
	What do you mean?	4	709	00:26:12b
	You gotta go out back.	5	710	00:26:14a
	Like it's wrapped up or something?	6	711	00:26:16a
	It's wrapped up.	3	712	00:26:16b
	Yeah. I don't get it.	5	713	00:26:17a
	Neither do I.	3	714	00:26:18a
	Let's fucking go.	3	715	00:26:18b
	Come on.	2	716	00:26:21a
	Your turn.	2	717	00:26:23a
	I'm not fucking doing this.	5	718	00:26:23b
	You're out of your fucking mind.	6	719	00:26:24a
	Smoke this shit, bro.	4	720	00:26:24b
	No. No one's fucking here, bro.	6	721	00:26:29a
	Get the fuck...	3	722	00:26:30a
	Fucking smoke crack with me, bro.	6	723	00:26:32a
	I'm not fucking doing it.	5	724	00:26:33a
	Smoke crack.	2	725	00:26:33b
	Smoke some fucking crack with me, bro.	7	726	00:26:36a
	One hit.	2	727	00:26:36b
	One hit.	2	728	00:26:36c
	That's it.	2	729	00:26:37a
	Okay. Fucking nut job.	4	730	00:26:53a
	Wow! Wow.	2	731	00:27:11a
	Let's go run, huh?	4	732	00:27:13a
	We gotta get out of here, buddy.	7	733	00:27:15a
	We gotta get out of here.	6	734	00:27:15b
	Let's go fucking run.	4	735	00:27:18a
	Let's run like we're fucking lions and tigers and bears!	10	736	00:27:21a
	Let's run!	2	737	00:27:21b
	Let's fucking run!	3	738	00:27:24a
	Let's fucking run!	3	739	00:27:24b
	Go! Go, go, go, go!	5	740	00:27:27a
	You've reached Frank's Best Auto Body.	6	741	00:27:31a
	We're closed right now.	4	742	00:27:32a
	So please leave us a message.	6	743	00:27:34a
	Hello.	1	744	00:27:34b
	My name is Jordan Belfort.	5	745	00:27:36a
	My partner and I are very interested in renting out your garage.	12	746	00:27:40a
	Donnie and I were going out on our own.	9	747	00:27:42a
	And the first thing we needed was brokers.	8	748	00:27:45a
	Guys with sales experience.	4	749	00:27:47a
	So I recruited some of my hometown boys.	8	750	00:27:49a
	Sea Otter, who sold meat and weed.	7	751	00:27:52a
	Chester, who sold tires and weed.	6	752	00:27:55a
	And Robbie, who sold anything he could get his hands on.	11	753	00:27:58a
	Mostly weed.	2	754	00:28:00a
	Can you bring me some ketchup?	6	755	00:28:00b
	Okay? This is Brad.	4	756	00:28:04a
	And Brad's the guy I really wanted.	7	757	00:28:06a
	But he didn't go along with us.	7	758	00:28:07a
	He was already making so much money selling Quaaludes,	9	759	00:28:09a
	he'd become the Quaalude king of Bayside.	7	760	00:28:12a
	Getting any pussy with that thing or what?	8	761	00:28:13a
	Yeah, man, of course.	4	762	00:28:15a
	Bring some of them chicks around here sometime,	8	763	00:28:15b
	huh? Let 'em watch.	4	764	00:28:18a
	Let 'em watch.	3	765	00:28:18b
	Know what I mean?	4	766	00:28:20a
	Hey, Zip!	2	767	00:28:20b
	You tell your sister I was asking about her.	9	768	00:28:24a
	Why don't you bring me a pair of her panties next time you come through.	15	769	00:28:27a
	Yeah, man.	2	770	00:28:27b
	She said she don't want to talk to you anymore, man.	11	771	00:28:30a
	Get the fuck out of here.	6	772	00:28:33a
	Hey, Ma, we got chicken or what?	7	773	00:28:35a
	Ma! You listening?	3	774	00:28:38a
	It's easier than you think.	5	775	00:28:39a
	Every person you're on the phone with,	7	776	00:28:41a
	they want to get rich and they want to get rich quickly.	12	777	00:28:43a
	They all want something for nothing.	6	778	00:28:45a
	There was this one time that I was selling pot to this Amish dude.	14	779	00:28:47a
	You know those guys who got like the beard with like no mustache or some bullshit?	16	780	00:28:51a
	Well, he says that he only wants to make furniture.	10	781	00:28:55a
	I don't understand.	3	782	00:28:57a
	What's that got to do with anything?	7	783	00:28:58a
	What the fuck are you talking about?	7	784	00:29:00a
	I'm not putting words in your mouth or nothing,	9	785	00:29:02a
	but you just said that everybody wants to get rich.	10	786	00:29:05a
	Holy fuck, you did just say that.	7	787	00:29:08a
	What the fuck are you talking about?	7	788	00:29:10a
	Yeah, like Buddhists.	3	789	00:29:10b
	They don't give a shit about money.	7	790	00:29:12a
	They're wrapped in sheets.	4	791	00:29:12b
	They're not buying shit.	4	792	00:29:14a
	I'm not talking about Buddhists or Amish.	7	793	00:29:16a
	I'm talking about normal people,	5	794	00:29:17a
	working-class, everyday people.	3	795	00:29:19a
	Everyone wants to get rich.	5	796	00:29:19b
	Am I crazy?	3	797	00:29:21a
	There's no such thing as an Amish Buddhist.	8	798	00:29:22a
	I'm pretty fucking sure.	4	799	00:29:22b
	There could be.	3	800	00:29:25a
	Can we get some ketchup, please?	6	801	00:29:26a
	Do you guys not want to make money?	8	802	00:29:28a
	I want to make some money.	6	803	00:29:30a
	I want to make some fucking money, okay.	8	804	00:29:31a
	I can sell anything.	4	805	00:29:32a
	Shit, I can sell ludes to a convent full of nuns,	11	806	00:29:34a
	and get them so horny they'd be fucking each other.	10	807	00:29:36a
	That's the attitude.	3	808	00:29:36b
	You can sell anything?	4	809	00:29:39a
	Sell me this fucking pen right here.	7	810	00:29:40a
	You can sell anything.	4	811	00:29:40b
	Sell that.	2	812	00:29:40c
	Go ahead.	2	813	00:29:42a
	Sell me the pen.	4	814	00:29:44a
	Can I finish eating first?	5	815	00:29:44b
	I haven't eaten today.	4	816	00:29:46a
	Brad, show them how it's done.	6	817	00:29:46b
	Boom. Sell me that pen.	5	818	00:29:49a
	Watch.	1	819	00:29:49b
	Go on.	2	820	00:29:50a
	You want me to sell this fucking pen?	8	821	00:29:51a
	That's my boy right there.	5	822	00:29:51b
	Can fucking sell anything.	4	823	00:29:54a
	Why don't you do me a favor.	7	824	00:29:55a
	Write your name down on that napkin for me.	9	825	00:29:57a
	I don't have a pen.	5	826	00:29:58a
	Exactly.	1	827	00:29:58b
	Supply and demand, my friend.	5	828	00:30:00a
	Holy shit.	2	829	00:30:00b
	See what I'm saying?	4	830	00:30:01a
	He's creating urgency.	3	831	00:30:02a
	Get them to want to buy the stock.	8	832	00:30:04a
	Convince them it's something they need,	6	833	00:30:04b
	you know what I mean?	5	834	00:30:06a
	And that's the thing.	4	835	00:30:07a
	All nuns are lesbians.	4	836	00:30:09a
	What the fuck are you talking about,	7	837	00:30:09b
	Otter?	1	838	00:30:11a
	Think about it.	3	839	00:30:11b
	They can't keep a dude so they're gonna start fucking chicks.	11	840	00:30:14a
	Four fucking times, Kimmie!	4	841	00:30:14b
	Four times.	2	842	00:30:16a
	He's not with us.	4	843	00:30:16b
	Friggin' Rambo.	2	844	00:30:17a
	Now she runs.	3	845	00:30:19a
	But look.	2	846	00:30:19b
	I knew these guys weren't like Harvard MBAs.	8	847	00:30:22a
	Robbie Feinberg, the pinhead,	4	848	00:30:22b
	took five years to finish high school.	7	849	00:30:26a
	Alden Kupferberg, the Sea Otter,	5	850	00:30:26b
	didn't even graduate.	3	851	00:30:29a
	Chester Ming, the depraved Chinaman,	5	852	00:30:29b
	thought jujitsu was in Israel.	5	853	00:30:33a
	Smartest of the bunch was Nicky Koskoff.	7	854	00:30:36a
	He actually went to law school.	6	855	00:30:37a
	I called him Rugrat because of his piece of shit hairpiece.	11	856	00:30:42a
	Still, give them to me young,	6	857	00:30:42b
	hungry and stupid and in no time,	7	858	00:30:45a
	I'll make them rich.	4	859	00:30:50a
	Oh, my God.	3	860	00:30:52a
	Jordan, that...	2	861	00:30:53a
	You like it, baby?	4	862	00:30:54a
	Oh, my God, it's beautiful.	5	863	00:30:57a
	They're not the biggest stones in the world,	8	864	00:30:59a
	but I promise they're really high quality.	7	865	00:31:01a
	It's beautiful.	2	866	00:31:02a
	They're so beautiful.	3	867	00:31:04a
	Oh, boy.	2	868	00:31:06a
	What? I know that look.	5	869	00:31:07a
	What is it?	3	870	00:31:07b
	Go ahead.	2	871	00:31:10a
	I don't know, it's...	4	872	00:31:10b
	You know...	2	873	00:31:12a
	These stocks...	2	874	00:31:12b
	These companies...	2	875	00:31:15a
	They're like crappy companies.	4	876	00:31:16a
	Well, yeah.	2	877	00:31:16b
	Okay. Yeah, they're terrible.	4	878	00:31:20a
	Don't worry about it.	4	879	00:31:20b
	I told you, what I'm doing is completely legal.	9	880	00:31:23a
	Yeah, I know.	3	881	00:31:24a
	But they're not gonna make anyone money though,	8	882	00:31:24b
	right?	1	883	00:31:27a
	Well, sometimes they do, sometimes they don't.	7	884	00:31:29a
	You know how it goes.	5	885	00:31:31a
	Wouldn't you feel better if you sold that stuff to rich people who can,	14	886	00:31:33a
	like, afford to lose all that money?	7	887	00:31:37a
	Of course.	2	888	00:31:40a
	But rich people don't buy penny stocks.	7	889	00:31:42a
	They just don't.	3	890	00:31:44a
	Why not?	2	891	00:31:47a
	Because they're too smart,	4	892	00:31:47b
	that's why not.	3	893	00:31:51a
	I mean, what person with a college education would trust this bunch of jerk-offs?	14	894	00:31:55a
	Hang up the phone.	4	895	00:31:55b
	Tell him you'll call him back.	6	896	00:31:56a
	I got five fucking grand on the phone right now!	10	897	00:31:57a
	Hey! But what if they didn't sound like a bunch of jerk-offs?	12	898	00:32:02a
	What if I could teach them how to sell to people with money?	13	899	00:32:05a
	Real money.	2	900	00:32:07a
	So I decided to reinvent the company.	7	901	00:32:09a
	Gentlemen, welcome to Stratton Oakmont.	5	902	00:32:15a
	You schnooks will now be targeting the wealthiest 1% of Americans.	11	903	00:32:19a
	We're talking about whales here.	5	904	00:32:22a
	Moby fucking Dicks.	3	905	00:32:24a
	And with this script, which is now your new harpoon,	10	906	00:32:28a
	I'm gonna teach each and every one of you to be Captain fucking Ahab.	14	907	00:32:33a
	Get it?	2	908	00:32:33b
	Huh? Captain who?	3	909	00:32:36a
	Captain Ahab.	2	910	00:32:36b
	From the fucking...	3	911	00:32:39a
	The book, motherfucker.	3	912	00:32:39b
	From the book.	3	913	00:32:41a
	Turn your fucking brain on.	5	914	00:32:43a
	Fuck you.	2	915	00:32:43b
	Jesus fuck, Robbie.	3	916	00:32:45a
	Listen to me.	3	917	00:32:45b
	We're a new company with a new name.	8	918	00:32:47a
	A company that our clients can believe in.	8	919	00:32:51a
	A company that our clients can trust.	7	920	00:32:54a
	A firm whose roots are so deeply embedded into Wall Street that our very founders sailed over	17	921	00:32:59a
	on the Mayflower and chiseled the name Stratton Oakmont right into Plymouth fucking Rock!	14	922	00:33:07a
	You got it?	3	923	00:33:07b
	What we're gonna do is this.	6	924	00:33:10a
	First we pitch 'em Disney,	5	925	00:33:10b
	AT&T, IBM, blue chip stocks exclusively.	6	926	00:33:15a
	Companies these people know.	4	927	00:33:18a
	Once we've suckered them in,	5	928	00:33:18b
	we unload the dog shit.	5	929	00:33:22a
	The pink sheets, the penny stocks,	6	930	00:33:22b
	where we make the money.	5	931	00:33:26a
	50% commission, baby.	3	932	00:33:28a
	Now the key to making money in a situation like this is to position yourself now before the	18	933	00:33:31a
	settlement.	1	934	00:33:34a
	Because by the time you read about it in	9	935	00:33:35a
	The Wall Street Journal, it's already too late.	8	936	00:33:40a
	Then you wait.	3	937	00:33:41a
	You wait.	2	938	00:33:42a
	And whoever speaks first loses.	5	939	00:33:47a
	Sorry...	1	940	00:33:48a
	I appreciate the call.	4	941	00:33:50a
	I really have to give this some thought and talk to my wife about it.	15	942	00:33:54a
	Can I call you back?	5	943	00:33:55a
	They don't know, right?	4	944	00:33:55b
	They gotta think about it,	5	945	00:33:57a
	they gotta talk to their fucking wives,	7	946	00:33:57b
	or the fucking	3	947	00:33:57c
	Tooth Fairy.	2	948	00:33:59a
	Point is, it doesn't matter what the fuck they say.	10	949	00:34:01a
	The only real objection that they have is that they don't trust you guys.	14	950	00:34:05a
	And why should they trust you?	6	951	00:34:05b
	I mean, look at you.	5	952	00:34:06a
	You're a bunch of fucking sleazy salesmen,	7	953	00:34:06b
	right?	1	954	00:34:08a
	So, what do you say?	5	955	00:34:11a
	You mean to tell me that if I put you in at Union Carbide at seven and took you out at 32...	22	956	00:34:14a
	Texas	1	957	00:34:16a
	Instruments at 11 and took you out at 47...	9	958	00:34:18a
	U.S. Steel at 16, took you out at 41...	9	959	00:34:21a
	You wouldn't be saying to me right now,	8	960	00:34:21b
	Chester, pick me up a few thousand shares of Disney on the spot,	13	961	00:34:25a
	right now.	2	962	00:34:25b
	Come on.	2	963	00:34:27a
	Honestly, Kevin?	2	964	00:34:27b
	Honestly?	1	965	00:34:27c
	Seriously?	1	966	00:34:28a
	I don't know you.	4	967	00:34:30a
	You cold-called me.	3	968	00:34:30b
	You're a total stranger.	4	969	00:34:32a
	I am in complete agreement with you.	7	970	00:34:34a
	You don't know me, I don't know you.	8	971	00:34:35a
	Let me introduce myself to you.	6	972	00:34:35b
	My name is Alden Kupferberg.	5	973	00:34:38a
	Robbie Feinberg.	2	974	00:34:38b
	Chester Ming.	2	975	00:34:39a
	I'm Senior Vice President at Stratton Oakmont...	7	976	00:34:41a
	...and I plan on being one of the...	8	977	00:34:43a
	...top brokers in my firm next year.	7	978	00:34:45a
	And I'm not gonna get there by being wrong, Stanley.	10	979	00:34:47a
	I do wanna say that you sound like a...	9	980	00:34:49a
	You sound like a pretty sincere guy.	7	981	00:34:51a
	It's not gonna make you rich and it's not gonna make you poor.	13	982	00:34:53a
	But what this trade will do is serve as...	9	983	00:34:56a
	...a benchmark for future business, Kevin.	6	984	00:34:58a
	You feel comfortable with me now,	6	985	00:34:58b
	Scotty?	1	986	00:35:00a
	And then you'll know for sure that you finally found a broker on Wall Street that you can trust,	19	987	00:35:03a
	and who can consistently make you money.	7	988	00:35:09a
	Sound fair enough?	3	989	00:35:10a
	You know what...	3	990	00:35:12a
	Yeah. I gotta say, I'm pretty impressed.	7	991	00:35:19a
	What are you thinking?	4	992	00:35:20a
	Kevin.	1	993	00:35:22a
	You give me one shot here on a blue chip stock like Kodak,	13	994	00:35:26a
	and believe me, Kevin, the only problem you're gonna have is that you didn't buy more.	16	995	00:35:34a
	Sound fair enough?	3	996	00:35:37a
	Shit. My...	2	997	00:35:40a
	Uh... My wife might divorce me, but...	7	998	00:35:44a
	Yeah, let's do it.	4	999	00:35:45a
	Excellent choice, Kevin.	3	1000	00:35:48a
	How much do you want to go for this time?	10	1001	00:35:50a
	Let's do five...	3	1002	00:35:50b
	$5,000.	1	1003	00:35:52a
	Can we try 8,000, Kevin?	5	1004	00:35:53a
	All right.	2	1005	00:35:53b
	Let's do 10.	3	1006	00:35:55a
	Ten. You want to do that?	6	1007	00:35:56a
	Excellent choice!	2	1008	00:35:57a
	Kevin, let me lock in that trade right now and get back to you in a few minutes with an exact	21	1009	00:36:00a
	confirmation, Kevin.	2	1010	00:36:01a
	And welcome to Stratton Oakmont.	5	1011	00:36:04a
	Thanks, man.	2	1012	00:36:04b
	I'm gonna have a beer.	5	1013	00:36:06a
	This is fun.	3	1014	00:36:07a
	Take it easy, Kev.	4	1015	00:36:09a
	Hey, thanks, Jordan.	3	1016	00:36:09b
	Thanks a...	2	1017	00:36:11a
	Fuck that motherfucker!	3	1018	00:36:13a
	That's what I'm talking about!	5	1019	00:36:19a
	What a fucking idiot.	4	1020	00:36:21a
	The one thing I know about in this world is airlines.	11	1021	00:36:24a
	And Cuchon Airlines is the future of airlines.	8	1022	00:36:27a
	Get in now or...	4	1023	00:36:28a
	I'm Nicky Koskoff...	3	1024	00:36:28b
	Chester Ming...	2	1025	00:36:30a
	...and I'm a Senior Vice President with Stratton Oakmont.	9	1026	00:36:33a
	Judy, I am so, so, so sorry for your loss.	10	1027	00:36:37a
	When did he pass?	4	1028	00:36:38a
	Just say I'm wrong, right.	5	1029	00:36:40a
	And the stock goes down a couple points...	8	1030	00:36:41a
	...and it makes you, in the words of my grandfather,	10	1031	00:36:42a
	God rest his soul, A shit ton of money.	9	1032	00:36:45a
	It's like getting in on fucking sunlight before there was fucking sunlight.	12	1033	00:36:46a
	You understand?	2	1034	00:36:48a
	Can we do 8,000 shares?	5	1035	00:36:50a
	Okay, 25,000.	2	1036	00:36:53a
	That's a very intelligent decision.	5	1037	00:36:55a
	I'm gonna transfer you to my sales associate.	8	1038	00:36:57a
	Rhonda!	1	1039	00:36:59a
	Rhonda!	1	1040	00:36:59b
	...put you through to Andrea.	5	1041	00:37:00a
	Has anybody fucking seen Rhonda?	5	1042	00:37:03a
	Everybody have a good week?	5	1043	00:37:10a
	Yeah!	1	1044	00:37:12a
	The end of the month.	5	1045	00:37:13a
	$28.7 million in gross commissions,	5	1046	00:37:17a
	all from pink sheet stock,	5	1047	00:37:17b
	boys! And to celebrate with our weekly act of debauchery,	10	1048	00:37:25a
	I have offered our lovely sales assistant,	7	1049	00:37:26a
	Danielle Harrison, here, $10,000 to shave her fucking head!	9	1050	00:37:33a
	Yeah! Yeah, you want this?	5	1051	00:37:37a
	You want this?	3	1052	00:37:38a
	Let's scalp her!	3	1053	00:37:38b
	Scalp her!	2	1054	00:37:41a
	Let the scalping begin!	4	1055	00:37:43a
	Scalp!	1	1056	00:37:43b
	Scalp!	1	1057	00:37:43c
	Scalp!	1	1058	00:37:47a
	Scalp!	1	1059	00:37:47b
	Scalp!	1	1060	00:37:47c
	Scalp!	1	1061	00:37:50a
	FYI, boys, Danielle has promised to use this $10,000 for breast implants!	12	1062	00:37:55a
	She's already got C cups, but now she wants fucking double D's!	12	1063	00:37:59a
	Is this a great fucking company or what?	8	1064	00:38:04a
	Is this the greatest company in the world?	8	1065	00:38:10a
	Donnie!	1	1066	00:38:11a
	Blow the roof off this motherfucker!	6	1067	00:38:18a
	Champagne?	1	1068	00:38:49a
	Send in the stripees!	4	1069	00:38:52a
	Mine! Word about us spread throughout Wall Street.	8	1070	00:39:46a
	Even the places I didn't want it to.	8	1071	00:39:57a
	It wasn't long before Forbes magazine,	6	1072	00:40:00a
	the flagship of Wall Street,	5	1073	00:40:00b
	called to do a profile on me.	7	1074	00:40:03a
	Let me ask you, how do you see the future for Stratton Oakmont?	13	1075	00:40:06a
	One word?	2	1076	00:40:09a
	Diversification.	1	1077	00:40:11a
	Sounds good.	2	1078	00:40:11b
	Thank you so much.	4	1079	00:40:11c
	I have more than enough.	5	1080	00:40:13a
	I appreciate your time.	4	1081	00:40:13b
	Fantastic.	1	1082	00:40:14a
	Can we get a quick picture?	6	1083	00:40:15a
	A total fucking hatchet job.	5	1084	00:40:20a
	This conniving little twat!	4	1085	00:40:20b
	Look at this!	3	1086	00:40:22a
	The Wolf of Wall Street they call me.	8	1087	00:40:22b
	Look. Your hair looks good.	5	1088	00:40:26a
	Well, my hair looks good.	5	1089	00:40:26b
	Yeah. Jordan Belfort, sounding like a kind of twisted Robin Hood who takes from the rich and	17	1090	00:40:32a
	gives to himself and his merry little band of brokers.	10	1091	00:40:36a
	Read that.	2	1092	00:40:36b
	Read it.	2	1093	00:40:36c
	Listen.	1	1094	00:40:38a
	There is no such thing as bad publicity, sweetheart.	9	1095	00:40:42a
	Read the article, babe.	4	1096	00:40:43a
	Jordan, you look great!	4	1097	00:40:43b
	You're in a huge magazine.	5	1098	00:40:46a
	Big fucking deal I look great.	6	1099	00:40:47a
	Mr. Belfort!	2	1100	00:40:50a
	Can you look at my resume,	6	1101	00:40:50b
	please?	1	1102	00:40:51a
	Excuse me, excuse me, sir!	5	1103	00:40:55a
	Calm the fuck down!	4	1104	00:40:57a
	What the hell's all this?	5	1105	00:40:58a
	It's the Forbes article.	4	1106	00:40:58b
	They all want to work for you now.	8	1107	00:41:01a
	Hey! What did I say?	5	1108	00:41:02a
	I'm just trying to be nice.	6	1109	00:41:04a
	Hey, you want a job, you talk to me!	9	1110	00:41:07a
	Mr. Belfort!	2	1111	00:41:07b
	Give me one minute.	4	1112	00:41:08a
	Forbes made me a superstar.	5	1113	00:41:12a
	Every day, dozens of money-crazed kids beat a path to my door.	12	1114	00:41:17a
	If we hired 'em, they dropped straight out of college overnight and spent whatever allowance	15	1115	00:41:20a
	they had on a new suit from our Stratton tailor.	10	1116	00:41:25a
	Are you fucking serious right now?	6	1117	00:41:28a
	I mean, we were literally putting clothes on these kids' backs.	11	1118	00:41:31a
	And here comes this jerk-off sniffing around.	7	1119	00:41:34a
	But, you know, every time someone rises up in this world,	11	1120	00:41:37a
	there's always gonna be some asshole trying to drag him down.	11	1121	00:41:42a
	Within months, we doubled in size,	6	1122	00:41:42b
	moved to even bigger offices.	5	1123	00:41:46a
	It was a madhouse.	4	1124	00:41:55a
	A greed-fest, with equal parts cocaine,	6	1125	00:41:56a
	testosterone, and body fluids.	4	1126	00:42:00a
	Yes! It got so bad, I had to declare the office a fuck-free zone between the hours of 9:00 and	20	1127	00:42:06a
	7:00. But I'm telling you,	5	1128	00:42:08a
	even that didn't help.	4	1129	00:42:11a
	Actually, the madness started on our very first day,	9	1130	00:42:14a
	when one of our brokers, Ben Jenner,	7	1131	00:42:16a
	christened the elevator by getting a blowjob from a sales assistant.	11	1132	00:42:19a
	Her name was Pam, and to her credit,	8	1133	00:42:21a
	she did have this amazing technique,	6	1134	00:42:24a
	with this wild twist and jerk motion.	7	1135	00:42:27a
	About a month later, Donnie and I decided to double-team her on a Saturday afternoon while our	17	1136	00:42:32a
	wives were out shopping for Christmas dresses.	7	1137	00:42:34a
	Eventually, Ben married her,	4	1138	00:42:36a
	which was pretty amazing considering she blew every single guy in the office.	13	1139	00:42:41a
	Then he got depressed and killed himself three years later.	10	1140	00:42:44a
	Anyway, I hired my dad, Max,	6	1141	00:42:44b
	to maintain order as the Enforcer.	6	1142	00:42:49a
	Stratton's very own Gestapo.	4	1143	00:42:52a
	We called him Mad Max because of his hair-trigger temper,	10	1144	00:42:55a
	which could be set off by something as innocuous as a ringing telephone.	13	1145	00:42:59a
	Who the fuck has the goddamn gall to call this house on a Tuesday night?	15	1146	00:43:06a
	God damn it!	3	1147	00:43:08a
	You're gonna miss it!	4	1148	00:43:09a
	Oh, please, tell me something I don't know.	8	1149	00:43:11a
	I wait all week for the fucking Equalizer and they have to fucking...	13	1150	00:43:14a
	Hello.	1	1151	00:43:16a
	But as soon as he picked up the phone...	9	1152	00:43:18a
	Gene. How are you, Gene?	5	1153	00:43:19a
	...he'd affect this weird British accent.	6	1154	00:43:21a
	Right-o, Gene, that'd be great.	5	1155	00:43:24a
	Cheerio.	1	1156	00:43:25a
	It was absolutely bizarre.	4	1157	00:43:26a
	The fucking halfwit!	3	1158	00:43:28a
	He'd hang up...	3	1159	00:43:28b
	You missed it!	3	1160	00:43:29a
	...and then he's Mad Max all over again.	8	1161	00:43:31a
	Damn it!	2	1162	00:43:33a
	All right, tell me what happened.	6	1163	00:43:33b
	What happened?	2	1164	00:43:35a
	Well, he discovered it was the mother's sister.	8	1165	00:43:37a
	Who's he?	2	1166	00:43:37b
	Who? Tell me who...	4	1167	00:43:38a
	The main guy.	3	1168	00:43:38b
	You know who the main...	5	1169	00:43:40a
	The main guy...	3	1170	00:43:41a
	It was his mother's sister.	5	1171	00:43:41b
	She showed up dead.	4	1172	00:43:44a
	Of course, Mad Max didn't have to know everything we were doing at Stratton.	14	1173	00:43:49a
	And then there's a big target and we...	8	1174	00:43:51a
	They get launched at the target.	6	1175	00:43:51b
	They stick.	2	1176	00:43:53a
	There's a bull's-eye and the bull's-eye's a dollar sign.	9	1177	00:43:55a
	Whoever gets closer to the dollar sign gets the most points.	11	1178	00:43:58a
	I'm gonna throw the shit out of this little fucking thing.	11	1179	00:43:59a
	So if it gets hurt, what happens?	7	1180	00:44:01a
	Cause we're gonna get fucking nuts.	6	1181	00:44:03a
	I don't think he's gonna get hurt.	7	1182	00:44:03b
	They're like...	2	1183	00:44:04a
	They got like superhuman strength.	5	1184	00:44:06a
	I think he's gonna be fine.	6	1185	00:44:07a
	You can't look him right in the eyes.	8	1186	00:44:09a
	You can't look him in the eye?	7	1187	00:44:10a
	That's a fact.	3	1188	00:44:10b
	I saw it on PBS.	5	1189	00:44:12a
	They get confused and their wires get crossed.	8	1190	00:44:14a
	You gotta look at their chin.	6	1191	00:44:16a
	Like it looks like I'm looking at you but I'm looking at your chin.	14	1192	00:44:18a
	I feel like you're addressing me right now,	8	1193	00:44:19a
	but you're not, are you?	5	1194	00:44:21a
	They're like the Mona Lisa.	5	1195	00:44:21b
	They find eye contact, like,	5	1196	00:44:22a
	wherever you are standing in the room.	7	1197	00:44:24a
	And they lock in.	4	1198	00:44:27a
	No, but there is a limit to what we can do with them?	13	1199	00:44:28a
	We're allowed to throw shit at 'em.	7	1200	00:44:29a
	We're allowed to throw food?	5	1201	00:44:29b
	Bananas.	1	1202	00:44:30a
	Any food.	2	1203	00:44:30b
	Correct.	1	1204	00:44:32a
	But, for example, what I wouldn't do is maybe like tell him to pull his cock out and like get	20	1205	00:44:35a
	some of the girls to, you know,	7	1206	00:44:37a
	fondle him and shit like that.	6	1207	00:44:38a
	That would be...	3	1208	00:44:38b
	That's unacceptable?	2	1209	00:44:39a
	Let's keep that in our back pocket.	7	1210	00:44:40a
	This guy is more about throwing at the dartboard.	9	1211	00:44:42a
	Correct.	1	1212	00:44:42b
	Yes, yes, yes.	3	1213	00:44:43a
	The thing is, this is their gift, okay.	8	1214	00:44:45a
	They're built to be thrown like a lawn dart.	9	1215	00:44:47a
	They're top heavy like a lawn dart.	7	1216	00:44:48a
	So they're built for accuracy.	5	1217	00:44:49a
	Oh, my God.	3	1218	00:44:49b
	Can we bowl with this guy?	6	1219	00:44:51a
	That's his fucking brother, Rob.	5	1220	00:44:52a
	His brother's the bowling ball.	5	1221	00:44:54a
	The brother, you put a skateboard on him,	8	1222	00:44:56a
	you strap him to a skateboard,	6	1223	00:44:57a
	you toss him down an alley at some pins.	9	1224	00:44:59a
	No shit.	2	1225	00:44:59b
	That's interesting.	2	1226	00:44:59c
	Swear to fucking God.	4	1227	00:45:00a
	Can we get that guy?	5	1228	00:45:00b
	Yeah, we'll get that guy, too.	6	1229	00:45:02a
	But it says here this guy will show his cock.	10	1230	00:45:02b
	Yeah.	1	1231	00:45:04a
	Instead of growing up.	4	1232	00:45:04b
	Yeah. He will?	3	1233	00:45:06a
	They are very ornery by the way,	7	1234	00:45:07a
	so you gotta be very careful with these little guys.	10	1235	00:45:09a
	Safety first.	2	1236	00:45:10a
	Safety is first, all right?	5	1237	00:45:11a
	I want somebody with a fucking tranquilizer gun ready to knock this fucker out.	14	1238	00:45:15a
	Do we want to get like a...	7	1239	00:45:15b
	Mace. Taser guns.	3	1240	00:45:17a
	A pellet gun maybe?	4	1241	00:45:18a
	No, a pellet gun is gonna hurt him.	8	1242	00:45:19a
	I just want him out.	5	1243	00:45:19b
	Knocked out cold.	3	1244	00:45:21a
	But I say we stick with the loophole.	8	1245	00:45:21b
	Right?	1	1246	00:45:21c
	Okay? If we don't consider him a human,	8	1247	00:45:25a
	we just consider it an act,	6	1248	00:45:25b
	I think we're in the clear.	6	1249	00:45:27a
	Like	1	1250	00:45:27b
	The Flying Wallendas.	3	1251	00:45:29a
	You know, a lot of those guys died but they never sued anybody.	13	1252	00:45:31a
	The important thing you guys gotta keep in mind is that these things gossip.	14	1253	00:45:34a
	They get together and they gossip.	6	1254	00:45:36a
	That's a good point.	4	1255	00:45:36b
	And the last thing that we need is them getting together and saying,	13	1256	00:45:40a
	Oh, they made fun of us.	6	1257	00:45:41a
	Like, it's gonna make Stratton look bad.	7	1258	00:45:43a
	That's why I love you.	5	1259	00:45:43b
	You think of shit like that.	6	1260	00:45:45a
	When they come in, we treat it just like one of us.	12	1261	00:45:45b
	Okay? One of us.	4	1262	00:45:48a
	Gooble gobble, one of us.	5	1263	00:45:52a
	We accept them, one of us!	6	1264	00:45:53a
	Gooble gobble, one of us.	5	1265	00:45:55a
	We accept them, one of us.	6	1266	00:45:57a
	Gooble gobble, one of us!	5	1267	00:45:58a
	Jordan!	1	1268	00:45:58b
	Your dad's coming.	3	1269	00:45:59a
	Something about the American Express bill.	6	1270	00:46:01a
	Can you get him out of here?	7	1271	00:46:02a
	Yeah. Lick my twat.	4	1272	00:46:03a
	No, I'm serious!	3	1273	00:46:05a
	Fuck. Guys, act like we're working.	6	1274	00:46:07a
	You got any fucking stock forms?	6	1275	00:46:09a
	He's coming, he's coming.	4	1276	00:46:10a
	Make some shit up.	4	1277	00:46:12a
	I think if we short Pfizer...	6	1278	00:46:14a
	$430,000 in one month, Jordy,	5	1279	00:46:14b
	huh? Four hundred and fucking 30,000 fucking dollars in one fucking month!	12	1280	00:46:24a
	Good morning.	2	1281	00:46:24b
	They're business expenses.	3	1282	00:46:24c
	Relax.	1	1283	00:46:26a
	Business expenses?	2	1284	00:46:26b
	Yes. Jordy, look what you got here.	7	1285	00:46:27a
	What? Look at this.	4	1286	00:46:29a
	$26,000 for one fucking dinner!	5	1287	00:46:33a
	Okay. No, no.	3	1288	00:46:33b
	This could be explained.	4	1289	00:46:35a
	Dad, we had clients.	4	1290	00:46:35b
	The Pfizer clients.	3	1291	00:46:38a
	Right.	1	1292	00:46:38b
	The porterhouse from Argentina.	4	1293	00:46:39a
	Expensive champagne and...	3	1294	00:46:39b
	We had to buy champagne.	5	1295	00:46:41a
	And you ordered all the fucking sides.	7	1296	00:46:43a
	Tell him about the sides.	5	1297	00:46:43b
	I ordered sides, so...	4	1298	00:46:45a
	Sides?	1	1299	00:46:45b
	$26,000 worth of sides?	4	1300	00:46:49a
	What are these sides?	4	1301	00:46:49b
	They cure cancer?	3	1302	00:46:51a
	The sides did cure cancer.	5	1303	00:46:51b
	That's the problem.	3	1304	00:46:53a
	That's why they were expensive.	5	1305	00:46:55a
	Shut the fuck up.	4	1306	00:46:55b
	I'm serious.	2	1307	00:46:57a
	Stop. And EJ Entertainment?	4	1308	00:46:59a
	What the fuck is EJ Entertainment?	6	1309	00:47:00a
	Well, that's...	2	1310	00:47:03a
	Yeah, Jordy, what's EJ Entertainment?	5	1311	00:47:04a
	How do I describe this?	5	1312	00:47:06a
	Jord, what is that?	4	1313	00:47:07a
	It's a fucking prostitution ring,	5	1314	00:47:07b
	Jordy!	1	1315	00:47:08a
	I know.	2	1316	00:47:09a
	That's what it is!	4	1317	00:47:09b
	That is what it is.	5	1318	00:47:11a
	Isn't that the perfect description for it?	7	1319	00:47:13a
	That is what it is.	5	1320	00:47:13b
	But none of these were charged to me.	8	1321	00:47:16a
	This is all of them.	5	1322	00:47:17a
	Oh, that was all us?	5	1323	00:47:17b
	It wasn't me though.	4	1324	00:47:19a
	Fucking explain this shit to him!	6	1325	00:47:21a
	These are all of your fucking charges right here!	9	1326	00:47:24a
	The IRS, they allow for T&A.	6	1327	00:47:24b
	It's fine.	2	1328	00:47:26a
	T&E! T&E!	2	1329	00:47:29a
	Yeah. I said T&E.	4	1330	00:47:30a
	No, no.	2	1331	00:47:30b
	You said T&A.	3	1332	00:47:30c
	No, I didn't.	3	1333	00:47:31a
	Yeah, you did.	3	1334	00:47:32a
	When did I say that?	5	1335	00:47:34a
	You said T&A.	3	1336	00:47:34b
	It's T&E.	2	1337	00:47:35a
	I know you're upset about the dinner,	7	1338	00:47:36a
	and that makes sense because we did spend too much money.	11	1339	00:47:38a
	But I said T&E.	4	1340	00:47:40a
	Don't tell me what you said.	6	1341	00:47:40b
	I heard what you said.	5	1342	00:47:42a
	Dad. He said T&A.	4	1343	00:47:42b
	He did?	2	1344	00:47:44a
	Absolutely, no question.	3	1345	00:47:45a
	I'm trying to...	3	1346	00:47:46a
	I'm getting this close!	4	1347	00:47:48a
	Dad, relax.	2	1348	00:47:48b
	I'm getting this close.	4	1349	00:47:49a
	That's what I'm saying.	4	1350	00:47:49b
	I want you to open up more, Max.	8	1351	00:47:51a
	He's gonna fucking kill you.	5	1352	00:47:52a
	Why do you hold it in?	6	1353	00:47:52b
	Why do you...	3	1354	00:47:54a
	Max, why do you hold it in?	7	1355	00:47:56a
	That's it.	2	1356	00:47:56b
	Get the fuck out of here!	6	1357	00:47:58a
	No, no, no!	3	1358	00:47:59a
	Asshole, get out of here.	5	1359	00:48:00a
	What kind of hooker takes credit cards?	7	1360	00:48:02a
	A rich one.	3	1361	00:48:04a
	At Stratton, there were three kinds of hookers.	8	1362	00:48:06a
	The Blue Chips, top of the line,	7	1363	00:48:06b
	model material.	2	1364	00:48:08a
	They cost between $300 and $500 and you had to wear a condom unless you gave them a hefty tip,	20	1365	00:48:10a
	which, of course, I always did.	6	1366	00:48:14a
	Then came the NASDAQs, who were pretty,	7	1367	00:48:14b
	not great.	2	1368	00:48:18a
	They cost between 200 and 300 bucks.	7	1369	00:48:21a
	Finally, there were the Pink Sheets.	6	1370	00:48:21b
	Skanks.	1	1371	00:48:23a
	They cost about 100 or less.	6	1372	00:48:23b
	If you didn't wear a condom,	6	1373	00:48:26a
	you'd have to get a penicillin shot the next day and pray your dick didn't fall off.	17	1374	00:48:30a
	Not that we didn't fuck them, too.	7	1375	00:48:32a
	Believe me, we did.	4	1376	00:48:34a
	Ow! It's that slipped disk thing again.	7	1377	00:48:37a
	I know what it is.	5	1378	00:48:37b
	You know, too much...	4	1379	00:48:40a
	...with EJ Entertainment.	3	1380	00:48:41a
	Pops. How are things at home?	6	1381	00:48:44a
	Well, not the best.	4	1382	00:48:46a
	She just doesn't...	3	1383	00:48:46b
	You know what I'm saying?	5	1384	00:48:48a
	It's like the smell...	4	1385	00:48:50a
	There's a smell, there's an attraction thing.	7	1386	00:48:51a
	After a while it kind of fades away a little bit.	11	1387	00:48:54a
	Yeah, well.	2	1388	00:48:54b
	It's supposed to fade away.	5	1389	00:48:56a
	Supposed to?	2	1390	00:48:56b
	That's marriage.	2	1391	00:48:56c
	You know...	2	1392	00:48:58a
	Your mother and I, we've been married a long,	9	1393	00:48:58b
	long time.	2	1394	00:49:00a
	What do you think?	4	1395	00:49:00b
	We're...	1	1396	00:49:02a
	We're jumping into bed every two minutes?	7	1397	00:49:04a
	It doesn't work that way.	5	1398	00:49:04b
	I love her to death.	5	1399	00:49:05a
	I want to stay married, Dad, but...	7	1400	00:49:07a
	It's crazy out there.	4	1401	00:49:09a
	Some of these girls...	4	1402	00:49:09b
	You should see them.	4	1403	00:49:10a
	Oh, my God!	3	1404	00:49:12a
	They're fucking...	2	1405	00:49:13a
	The things they're doing now, Pops.	6	1406	00:49:15a
	I mean...	2	1407	00:49:15b
	I mean, it's on a whole other level.	8	1408	00:49:18a
	Really?	1	1409	00:49:18b
	And they're all shaved, too.	5	1410	00:49:19a
	Get out of here!	4	1411	00:49:19b
	All shaven.	2	1412	00:49:21a
	Are you kidding me?	4	1413	00:49:21b
	Yeah. Bald as a china doll.	6	1414	00:49:22a
	No bush?	2	1415	00:49:24a
	No bush.	2	1416	00:49:24b
	Oh, my God!	3	1417	00:49:27a
	All of a sudden, one week,	6	1418	00:49:27b
	nobody had anything down there anymore.	6	1419	00:49:30a
	It's a new world.	4	1420	00:49:32a
	They're bald from the eyebrows down.	6	1421	00:49:34a
	Wow. Nothing.	2	1422	00:49:35a
	Not a stitch.	3	1423	00:49:35b
	It's like lasers.	3	1424	00:49:36a
	Wow. A new world.	4	1425	00:49:38a
	I was born too...	4	1426	00:49:38b
	Too early.	2	1427	00:49:41a
	I've never been a fan of the bush,	8	1428	00:49:41b
	to be honest.	3	1429	00:49:43a
	Really?	1	1430	00:49:43b
	Yeah. I don't mind it.	5	1431	00:49:46a
	Dad. I don't want you stressing out about any of this.	11	1432	00:49:50a
	How can I not get stressed out?	7	1433	00:49:51a
	Look at the knuckleheads you got working for you.	9	1434	00:49:52a
	I know they're knuckleheads but I need them to want to live like me,	14	1435	00:49:54a
	you get it?	3	1436	00:49:56a
	To live like me.	4	1437	00:49:58a
	Jordy.	1	1438	00:49:59a
	One of these days, the chickens are gonna come home to roost.	12	1439	00:50:05a
	You're looking at me like I'm crazy.	7	1440	00:50:07a
	Crazy?	1	1441	00:50:07b
	This is obscene.	3	1442	00:50:10a
	It was obscene.	3	1443	00:50:12a
	In the normal world.	4	1444	00:50:14a
	But who the fuck wanted to live there?	8	1445	00:50:16a
	Go party your fucking cocks off!	6	1446	00:50:21a
	We are about to become fucking legends on Wall Street!	10	1447	00:50:29a
	We got plans up here that's gonna take this company into the fucking stratosphere!	14	1448	00:50:37a
	Wolfie!	1	1449	00:50:39a
	Wolfie!	1	1450	00:50:45a
	Fuck Merrill Lynch.	3	1451	00:50:45b
	Fuck them.	2	1452	00:50:47a
	Why should they be taking all our fucking money all the fucking time?	13	1453	00:50:49a
	This way we become the underwriters.	6	1454	00:50:51a
	It was our next big move.	6	1455	00:50:52a
	Finding companies to take public.	5	1456	00:50:52b
	IPOs. It was the only way these Wall Street pricks would ever stop thinking of us as some shitkicker	19	1457	00:50:58a
	bucket shop.	2	1458	00:51:02a
	We got Arncliffe	3	1459	00:51:02b
	International.	1	1460	00:51:03a
	See, we were a little different.	6	1461	00:51:04a
	We liked to get as fucked up as possible during our business powwows in order to stimulate our	18	1462	00:51:08a
	free-flowing ideas, which is why we were popping these ludes like they were M&M's.	14	1463	00:51:14a
	Steve Madden.	2	1464	00:51:17a
	We own the fucking companies...	5	1465	00:51:19a
	We own the companies...	4	1466	00:51:20a
	Don't know what a lude is?	6	1467	00:51:20b
	I'll tell you.	3	1468	00:51:23a
	Oh, wait.	2	1469	00:51:23b
	Wait, wait, wait, wait.	4	1470	00:51:25a
	Looks like those ludes are working their magic on Donnie right now.	12	1471	00:51:30a
	The Quaalude, or lude, as it is commonly referred to,	10	1472	00:52:07a
	was first synthesized in 1951 by an	7	1473	00:52:10a
	Indian doctor, that's dots,	4	1474	00:52:10b
	not feathers, as a sedative,	5	1475	00:52:14a
	and was prescribed to stressed-out housewives with sleep disorders.	9	1476	00:52:19a
	But pretty soon someone figured out that if you resisted the urge to sleep for just 15 minutes,	18	1477	00:52:21a
	you got a pretty kick-ass high from it.	8	1478	00:52:27a
	Didn't take long for people to start abusing ludes,	9	1479	00:52:27b
	of course.	2	1480	00:52:31a
	And in 1982, the U.S. government Schedule 1'd them.	9	1481	00:52:35a
	Along with the rest of the world.	7	1482	00:52:37a
	Which meant there was only a finite amount of these things left.	12	1483	00:52:40a
	No shit, you can't even buy 'em anymore.	8	1484	00:52:43a
	You people are all shit out of luck.	8	1485	00:52:46a
	What are you saying?	4	1486	00:52:46b
	What is it?	3	1487	00:52:47a
	Steve Madden.	2	1488	00:52:49a
	Steve Madden.	2	1489	00:52:51a
	Steve.	1	1490	00:52:52a
	Steve.	1	1491	00:52:53a
	You remember those ads?	4	1492	00:52:55a
	Those giant-headed girls with the bug eyes wearing those big clunky shoes?	12	1493	00:53:00a
	My friend from school, Steve Madden.	6	1494	00:53:01a
	His friend from school, Steve Madden.	6	1495	00:53:03a
	Steve Madden was the name in women's shoes at the moment.	11	1496	00:53:06a
	And all of Wall Street was begging to take his company public.	12	1497	00:53:10a
	Go ahead, go ahead, what is it?	7	1498	00:53:11a
	Except, guess who grew up with him?	7	1499	00:53:12a
	Women's shoes.	2	1500	00:53:12b
	Women's shoes.	2	1501	00:53:14a
	My very own Vice President.	5	1502	00:53:17a
	Women's shoes!	2	1503	00:53:17b
	Diamond Donnie Azoff.	3	1504	00:53:21a
	Steve Madden.	2	1505	00:53:21b
	Steve.	1	1506	00:53:23a
	Steve.	1	1507	00:53:25a
	Hey, JB, JB, JB, JB.	5	1508	00:53:26a
	You gotta come check this fucking chick out.	8	1509	00:53:27a
	Look at this.	3	1510	00:53:27b
	Look. I would fuck that girl if she was my sister.	11	1511	00:53:37a
	I would let that girl give me fucking AIDS.	9	1512	00:53:40a
	You want to see the Wolf handle this?	8	1513	00:53:44a
	She's hot.	2	1514	00:53:46a
	Cristy.	1	1515	00:53:53a
	Jordan, this is my friend Naomi.	6	1516	00:53:54a
	Hi. Nice to meet you.	5	1517	00:53:56a
	Naomi.	1	1518	00:53:57a
	Naomi, nice to meet you.	5	1519	00:53:59a
	You got an awesome place here.	6	1520	00:54:01a
	I've don't think I've ever been in a house this big before.	12	1521	00:54:03a
	Oh, really?	2	1522	00:54:03b
	Yeah. Beautiful beach out there.	5	1523	00:54:06a
	Blair Hollingsworth.	2	1524	00:54:08a
	Hi, Blair.	2	1525	00:54:08b
	Nice to meet you.	4	1526	00:54:09a
	Your name's Blair, right?	4	1527	00:54:09b
	Yeah. You like to Jet Ski?	6	1528	00:54:13a
	I've never done it before.	5	1529	00:54:14a
	You've never Jet Ski'd in your life?	7	1530	00:54:14b
	No, I've never Jet Ski'd.	5	1531	00:54:16a
	You've never been on a Jet Ski?	7	1532	00:54:17a
	How many times are you gonna ask her?	8	1533	00:54:19a
	She's never been on a Jet Ski.	7	1534	00:54:21a
	I don't know.	3	1535	00:54:21b
	Might ask her a couple more times.	7	1536	00:54:23a
	Okay. Sure.	2	1537	00:54:23b
	Hi. I'm Hildy.	3	1538	00:54:26a
	Nice to meet you.	4	1539	00:54:28a
	Hi. Jordan, Teresa needs your help.	6	1540	00:54:31a
	Yeah, I'll be out in a couple of minutes.	9	1541	00:54:32a
	Just tell her I'll be out in a couple of minutes.	11	1542	00:54:33a
	Why don't you tell your wife that?	7	1543	00:54:35a
	I might do that, but I'm having a conversation right now.	11	1544	00:54:37a
	What am I, your secretary?	5	1545	00:54:38a
	You know what, I think we should get going.	9	1546	00:54:40a
	Wait, wait.	2	1547	00:54:40b
	Where you guys going?	4	1548	00:54:41a
	We gotta go.	3	1549	00:54:41b
	We got two other parties to go to.	8	1550	00:54:43a
	We can stay for a drink.	6	1551	00:54:43b
	Yeah, stay for a drink.	5	1552	00:54:44a
	No. We got two other parties we're supposed to get to.	11	1553	00:54:47a
	But we can stay for a drink...	7	1554	00:54:48a
	She's perfect.	2	1555	00:54:51a
	You like champagne?	3	1556	00:54:51b
	I do. She's perfect.	4	1557	00:54:54a
	Donnie, what the fuck are you doing?	7	1558	00:54:55a
	You piece of...	3	1559	00:54:55b
	Oh! You're gonna have to excuse my friend.	8	1560	00:55:05a
	He gets...	2	1561	00:55:07a
	Get the fuck out!	4	1562	00:55:09a
	Jordan, you gotta fuck her, bro.	6	1563	00:55:09b
	She's so hot!	3	1564	00:55:11a
	Yeah, Donnie!	2	1565	00:55:13a
	Let him fucking finish, Hildy.	5	1566	00:55:15a
	That's fucking rude.	3	1567	00:55:17a
	Have some fucking manners.	4	1568	00:55:22a
	So, Bay Ridge, that's near Staten Island,	7	1569	00:55:22b
	right?	1	1570	00:55:25a
	Brooklyn, across the Verrazano Bridge.	5	1571	00:55:27a
	Saturday Night Fever territory.	4	1572	00:55:29a
	That's right.	2	1573	00:55:29b
	Guinea Gulch.	2	1574	00:55:30a
	We call the Verrazano Bridge the Guinea Gangplank.	8	1575	00:55:33a
	Right.	1	1576	00:55:34a
	So I presume you're Italian?	5	1577	00:55:36a
	On my dad's side.	4	1578	00:55:37a
	I'm also Dutch, German, English.	5	1579	00:55:41a
	I'm a mutt.	3	1580	00:55:42a
	Yeah. You're a mutt.	4	1581	00:55:43a
	Yeah, I still have family over there though,	8	1582	00:55:43b
	in London.	2	1583	00:55:46a
	My Aunt Emma.	3	1584	00:55:46b
	She's the best.	3	1585	00:55:48a
	Very British, you know.	4	1586	00:55:48b
	She's a classy lady.	4	1587	00:55:52a
	That explains it then.	4	1588	00:55:53a
	Explains what?	2	1589	00:55:54a
	It explains you.	3	1590	00:55:54b
	I mean, you're a duchess, right?	6	1591	00:55:57a
	The Duchess of Bay Ridge.	5	1592	00:56:02a
	Excuse me.	2	1593	00:56:04a
	Could I get a straw, please?	6	1594	00:56:07a
	Thank you.	2	1595	00:56:11a
	So I was a little surprised you asked Cristy for my number.	12	1596	00:56:18a
	Why is that?	3	1597	00:56:21a
	Aren't you married?	3	1598	00:56:24a
	Well...	1	1599	00:56:24b
	Yeah, but what?	3	1600	00:56:26a
	Married people can't have friends?	5	1601	00:56:30a
	We're gonna be friends?	4	1602	00:56:33a
	Yeah. You don't want to be my friend?	8	1603	00:56:40a
	We're not gonna be friends.	5	1604	00:56:51a
	And at night I work on my designs.	8	1605	00:56:53a
	I have an entire line of lingerie.	7	1606	00:56:56a
	You know, camisoles, bustiers, panties.	5	1607	00:57:00a
	She designs women's panties,	4	1608	00:57:00b
	too? Oh, my God!	4	1609	00:57:14a
	Come on, Jordan, think of a way to get up to her apartment.	13	1610	00:57:22a
	You wanna come up for some tea or something?	9	1611	00:57:26a
	Tea? Yeah.	2	1612	00:57:28a
	Like hot tea?	3	1613	00:57:28b
	Yeah. Oh, yeah.	3	1614	00:57:30a
	That sounds nice.	3	1615	00:57:30b
	Yeah. Tea.	2	1616	00:57:31a
	Fuck, yeah, I wanted to come up for tea.	9	1617	00:57:33a
	Like Darjeeling or rose hip,	5	1618	00:57:33b
	something nice like that?	4	1619	00:57:36a
	Sure. This is Rocky.	4	1620	00:57:39a
	Oh, who's this?	3	1621	00:57:39b
	Say hi, Rocky.	3	1622	00:57:41a
	Hi, sweetheart.	2	1623	00:57:41b
	Okay. Why don't you light a fire or something and I'll be right out.	14	1624	00:57:48a
	Yeah. Fire, here?	3	1625	00:57:48b
	Sure. I like your painting here.	6	1626	00:57:53a
	It's...	1	1627	00:58:01a
	God, help me.	3	1628	00:58:01b
	How do I fuck this girl?	6	1629	00:58:05a
	You all right?	3	1630	00:58:09a
	Yeah, yeah.	2	1631	00:58:09b
	Just trying to light the fire here.	7	1632	00:58:11a
	That's it.	2	1633	00:58:17a
	That's it, you're leaving.	4	1634	00:58:19a
	Don't get involved.	3	1635	00:58:19b
	Go home to your wife.	5	1636	00:58:21a
	As you can probably guess,	5	1637	00:58:32a
	I fucked her goddamn brains out...	6	1638	00:58:35a
	Jesus Lord!	2	1639	00:58:37a
	For 11 seconds.	3	1640	00:58:42a
	Did you just come?	4	1641	00:58:54a
	Oh, yeah, I just came.	5	1642	00:58:57a
	Did you?	2	1643	00:58:57b
	Did you come?	3	1644	00:58:58a
	No. No?	2	1645	00:59:00a
	Okay. I'm still hard so just give me a sec.	10	1646	00:59:04a
	Sure. Come on, baby, come on.	6	1647	00:59:08a
	Oh, yeah.	2	1648	00:59:10a
	Oh, yeah.	2	1649	00:59:17a
	Oh, God!	2	1650	00:59:20a
	Fuck off, Rocky!	3	1651	00:59:20b
	Bad dog.	2	1652	00:59:22a
	You have a biscuit or something like that?	8	1653	00:59:23a
	It's okay.	2	1654	00:59:24a
	Just keep going.	3	1655	00:59:24b
	Rocky, go play.	3	1656	00:59:26a
	Go play, Rocky.	3	1657	00:59:26b
	Go, go, go, go.	4	1658	00:59:26c
	You're crazy.	2	1659	00:59:32a
	I couldn't get enough.	4	1660	00:59:33a
	I mean, her pussy was like heroin to me.	9	1661	00:59:35a
	And it wasn't just about the sex, either.	8	1662	00:59:38a
	Naomi and I got along.	5	1663	00:59:38b
	I mean, we...	3	1664	00:59:40a
	We had similar interests and shit.	6	1665	00:59:43a
	Ooh! Choo-choo train.	3	1666	00:59:49a
	Yeah. I think I can.	5	1667	00:59:58a
	I think I can.	4	1668	00:59:58b
	I think I can.	4	1669	00:59:58c
	I think I can.	4	1670	01:00:02a
	Yeah, yeah.	2	1671	01:00:07a
	Let's toke it all on there,	6	1672	01:00:07b
	huh? Whoo!	2	1673	01:00:13a
	Oh, shit!	2	1674	01:00:25a
	You! Get out of the fucking car!	7	1675	01:00:28a
	Jesus Christ.	2	1676	01:00:29a
	Son of a bitch!	4	1677	01:00:29b
	Oh, fuck!	2	1678	01:00:33a
	Relax, sweetheart.	2	1679	01:00:33b
	Relax.	1	1680	01:00:36a
	Son of a fucking bitch!	5	1681	01:00:36b
	Okay, okay...	2	1682	01:00:36c
	Geez! Okay, babe, stop!	4	1683	01:00:38a
	Ow! Please.	2	1684	01:00:40a
	Bitch!	1	1685	01:00:43a
	What are you doing...	4	1686	01:00:43b
	That whore from the party?	5	1687	01:00:44a
	Jesus Christ!	2	1688	01:00:46a
	What the fuck is wrong with you?	7	1689	01:00:47a
	I thought you were at the fucking beach!	8	1690	01:00:48a
	I didn't know you were here!	6	1691	01:00:50a
	That's where you've fucking been?	5	1692	01:00:51a
	With that fucking whore from the party?	7	1693	01:00:53a
	I thought you were at the beach house.	8	1694	01:00:54a
	How could you do this to me?	7	1695	01:00:54b
	Sweetie, come on...	3	1696	01:00:57a
	Who the fuck are you, Jordan?	6	1697	01:00:59a
	You're like a completely different fucking person!	7	1698	01:01:02a
	I made a mistake.	4	1699	01:01:02b
	I don't know what to tell you, babe.	8	1700	01:01:02c
	I... I'm sorry.	3	1701	01:01:07a
	I'm sorry.	2	1702	01:01:08a
	Is that who...	3	1703	01:01:08b
	Is that what you want?	5	1704	01:01:09a
	Do you love her?	4	1705	01:01:27a
	Answer me.	2	1706	01:01:40a
	I felt horrible.	3	1707	01:01:53a
	Three days later, I filed for a divorce and moved Naomi into the apartment.	14	1708	01:02:01a
	Say what you will, but the Duchess did have style.	10	1709	01:02:04a
	She brought in a decorator,	5	1710	01:02:04b
	feng shui'd the whole place.	5	1711	01:02:08a
	She even hired a gay butler.	6	1712	01:02:10a
	This guy was smart, sophisticated, professional.	6	1713	01:02:13a
	Really, really great.	3	1714	01:02:15a
	Is that jasmine?	3	1715	01:02:18a
	Yes, sir.	2	1716	01:02:18b
	I tried to stump you this evening.	7	1717	01:02:18c
	Very good.	2	1718	01:02:19a
	Very good.	2	1719	01:02:19b
	Great nose.	2	1720	01:02:21a
	Except for that one time.	5	1721	01:02:23a
	Oh, my God!	3	1722	01:02:31a
	Oh, hey.	2	1723	01:02:33a
	Is it Wednesday already?	4	1724	01:02:35a
	Uh... Oh, don't stop.	4	1725	01:02:36a
	What the fuck!	3	1726	01:02:38a
	That is fucked up!	4	1727	01:02:40a
	He must have thought we were still at the Hamptons this weekend,	12	1728	01:02:41a
	you know.	2	1729	01:02:43a
	Where were they doing it, sweetheart?	6	1730	01:02:43b
	In the bedroom?	3	1731	01:02:45a
	They were everywhere.	3	1732	01:02:45b
	There were two guys over there on the table.	9	1733	01:02:47a
	There were more over here.	5	1734	01:02:48a
	There were four right here.	5	1735	01:02:50a
	Oh! Are you fucking serious?	5	1736	01:02:50b
	Right there?	2	1737	01:02:52a
	Why didn't you tell me?	5	1738	01:02:54a
	Oh, baby, it gets worse.	5	1739	01:02:55a
	After they left, I checked the apartment.	7	1740	01:02:59a
	Right.	1	1741	01:02:59b
	What? What is it, babe?	5	1742	01:03:00a
	What? Where's my money?	4	1743	01:03:04a
	I don't know where your money...	6	1744	01:03:05a
	Where is my fucking money?	5	1745	01:03:05b
	Where is it?	3	1746	01:03:07a
	I don't know where your money is, Mr. Belfort.	9	1747	01:03:09a
	I didn't do anything.	4	1748	01:03:10a
	If you don't get...	4	1749	01:03:11a
	He's lying through his fucking teeth.	6	1750	01:03:12a
	Let's start from the beginning.	5	1751	01:03:14a
	Let's start from the beginning,	5	1752	01:03:14b
	all right?	2	1753	01:03:15a
	You invited some friends over,	5	1754	01:03:15b
	right?	1	1755	01:03:17a
	One thing led to another.	5	1756	01:03:17b
	Things got out of hand.	5	1757	01:03:19a
	We understand that, we do.	5	1758	01:03:19b
	We do blow all the time.	6	1759	01:03:20a
	We're fucking degenerates ourselves.	4	1760	01:03:23a
	Look at us, right?	4	1761	01:03:24a
	But money was stolen from my apartment.	7	1762	01:03:26a
	Right from my sock drawer.	5	1763	01:03:26b
	All right?	2	1764	01:03:27a
	Like I said, I don't know where your money is.	10	1765	01:03:29a
	Just start from the beginning.	5	1766	01:03:29b
	Who came over?	3	1767	01:03:31a
	It was just a normal day.	6	1768	01:03:32a
	I knew you were coming home the next day.	9	1769	01:03:33a
	So everything would be fine.	5	1770	01:03:33b
	It'd be cleaned up.	4	1771	01:03:36a
	I got a little high at breakfast.	7	1772	01:03:38a
	So I got a little happy.	6	1773	01:03:38b
	I had some eggs, I had a little bit of ice cream.	12	1774	01:03:41a
	And then I said, Who do I know that likes ice cream?	12	1775	01:03:43a
	It's my friend, Rudy.	4	1776	01:03:43b
	So I called Rudy.	4	1777	01:03:44a
	Who's Rudy?	2	1778	01:03:45a
	Yeah, who's Rudy?	3	1779	01:03:48a
	You know who Rudy is.	5	1780	01:03:48b
	Come on.	2	1781	01:03:50a
	Me? I don't...	3	1782	01:03:52a
	You know...	2	1783	01:03:52b
	Who the fuck is Rudy?	5	1784	01:03:53a
	I don't know anyone named Rudy.	6	1785	01:03:54a
	Last month.	2	1786	01:03:54b
	The Lollipop Club.	3	1787	01:03:55a
	You know who Rudy was.	5	1788	01:03:55b
	Dancing...	1	1789	01:03:57a
	You know who Rudy is?	5	1790	01:03:57b
	I don't fucking know any...	5	1791	01:04:01a
	What do you mean?	4	1792	01:04:03a
	So he went to	4	1793	01:04:03b
	The Lollipop Club?	3	1794	01:04:04a
	Oh, he was at	4	1795	01:04:04b
	The Lollipop Club for sure.	5	1796	01:04:05a
	On the stage, grinding with everybody.	6	1797	01:04:07a
	I got fucked up.	4	1798	01:04:07b
	I like to dance.	4	1799	01:04:09a
	I don't know.	3	1800	01:04:09b
	Maybe I met him, maybe I didn't.	7	1801	01:04:10a
	I meet a lot of fucking people.	7	1802	01:04:12a
	What are you saying?	4	1803	01:04:12b
	$50,000 was stolen from my fucking sock drawer!	8	1804	01:04:15a
	All my girlfriend's jewelry is gone.	6	1805	01:04:17a
	Where the fuck is it?	5	1806	01:04:17b
	...Rudy.	1	1807	01:04:17c
	What the fuck?	3	1808	01:04:19a
	Did your fucking little faggot friend Rudy take my shit?	10	1809	01:04:21a
	Did he?	2	1810	01:04:21b
	Answer me!	2	1811	01:04:23a
	Okay. Now I get it.	5	1812	01:04:23b
	Now I get why I'm...	5	1813	01:04:25a
	This is a gay thing.	5	1814	01:04:25b
	Oh! See, all of you...	5	1815	01:04:27a
	You think this is 'cause you're a fag?	8	1816	01:04:31a
	My cousin's a fucking faggot.	5	1817	01:04:32a
	And I go on vacation with him and his boyfriend.	10	1818	01:04:32b
	I love fags.	3	1819	01:04:34a
	You were in charge, right?	5	1820	01:04:36a
	I will not be stolen from.	6	1821	01:04:36b
	You get that?	3	1822	01:04:37a
	I fucking like gay people.	5	1823	01:04:37b
	I don't like you.	4	1824	01:04:40a
	He should've hired a fucking Mexican like I have in my fucking house.	13	1825	01:04:43a
	Shit! What the fuck...	4	1826	01:04:50a
	Talk, you fuck, talk!	4	1827	01:04:51a
	I'm gonna drop you, you faggot!	6	1828	01:04:53a
	Where is it?	3	1829	01:04:53b
	Chester and	2	1830	01:04:55a
	Toby, they went all yakuza on Nicholas.	7	1831	01:04:57a
	You know, they got crazy.	5	1832	01:04:58a
	I don't know!	3	1833	01:05:01a
	I had to call the cops just to keep them from killing the poor guy.	15	1834	01:05:03a
	I gave them each 1,000 bucks and told them what Nicholas had done.	13	1835	01:05:07a
	Then they kicked his ass.	5	1836	01:05:09a
	Thanks again, Officer.	3	1837	01:05:11a
	It's not like I cared about the 50 grand anyway.	10	1838	01:05:13a
	I was making that much almost every day through one rathole or another.	13	1839	01:05:17a
	Now a rathole is a friend,	6	1840	01:05:17b
	like Brad here, who held stock in his name for me.	11	1841	01:05:23a
	Who are you supposed to be,	6	1842	01:05:23b
	huh? Jack Nickle-Jew?	3	1843	01:05:25a
	I'd drive the price up then he'd sell and kick most of the profits back to...	16	1844	01:05:30a
	You guessed it, me.	4	1845	01:05:35a
	All cash.	2	1846	01:05:35b
	None of it's on the books.	6	1847	01:05:37a
	A big no-no, of course, in the eyes of the law.	11	1848	01:05:41a
	Enter our new securities attorney,	5	1849	01:05:41b
	Manny Riskin.	2	1850	01:05:44a
	700 bucks an hour to be the voice of doom.	10	1851	01:05:47a
	Listen to me.	3	1852	01:05:47b
	You piss up the SEC's leg,	6	1853	01:05:49a
	you end up with your tits in a ringer.	9	1854	01:05:51a
	Do not worry about it.	5	1855	01:05:51b
	I have the SEC under control.	6	1856	01:05:54a
	What the fuck are these imbeciles doing?	7	1857	01:05:56a
	Hey! Hey!	2	1858	01:05:58a
	What are you doing?	4	1859	01:05:58b
	Hey! We got the SEC in here.	7	1860	01:06:01a
	The Securities and Exchange Commission sent two lawyers down to review our files.	13	1861	01:06:06a
	So I set them up in our conference room and I had it bugged and the air conditioning turned	19	1862	01:06:09a
	up so high that it felt like Antarctica in there.	10	1863	01:06:13a
	Is it always this cold in here?	7	1864	01:06:15a
	I don't know.	3	1865	01:06:16a
	Then, while they were looking for a smoking gun in that room...	12	1866	01:06:19a
	Arncliffe	1	1867	01:06:19b
	International is on fire.	4	1868	01:06:22a
	...I was gonna fire off a bazooka in here,	9	1869	01:06:24a
	offering up our latest IPO.	5	1870	01:06:27a
	An IPO is an initial public offering.	7	1871	01:06:29a
	It's the first time a stock is offered for sale to the general population.	14	1872	01:06:33a
	Now, as the firm taking the company public,	8	1873	01:06:35a
	we set the initial sales price then sold those shares right back to our friends.	15	1874	01:06:37a
	The...	1	1875	01:06:40a
	Look. I know you're not following what I'm saying anyway,	10	1876	01:06:41a
	right?	1	1877	01:06:43a
	That's okay.	2	1878	01:06:43b
	That doesn't matter.	3	1879	01:06:45a
	The real question is this.	5	1880	01:06:47a
	Was all this legal?	4	1881	01:06:49a
	Absolutely fucking not.	3	1882	01:06:52a
	But we were making more money than we knew what to do with.	13	1883	01:06:58a
	And what do you do when you're making more money than you know what to do with?	17	1884	01:07:02a
	Oh, my God!	3	1885	01:07:09a
	Will you marry me?	4	1886	01:07:11a
	Oh, my God.	3	1887	01:07:12a
	Is that a yes?	4	1888	01:07:12b
	Are you sure?	3	1889	01:07:16a
	Yeah, I'm sure.	3	1890	01:07:16b
	Yeah, I'm sure.	3	1891	01:07:18a
	Are you sure?	3	1892	01:07:18b
	Yeah. I held my bachelor party at the Mirage in Las Vegas.	12	1893	01:07:34a
	The flight there alone was a bacchanal.	7	1894	01:07:37a
	One last blowout for the gods before I settled down for good.	12	1895	01:07:41a
	A hundred Strattonites, 50 hookers,	5	1896	01:07:43a
	plus 50 more waiting once we landed.	7	1897	01:07:46a
	Oh, and the drugs.	4	1898	01:07:48a
	I mean, I tell you, our plane was like a pharmacy with wings.	13	1899	01:07:53a
	All told, the weekend cost me two million bucks,	9	1900	01:08:25a
	including the cost of refurbishing the entire 28th floor.	9	1901	01:08:30a
	...kiss the bride.	3	1902	01:08:32a
	Ah! But the wedding was something out of a fairy tale.	11	1903	01:08:37a
	With Naomi, my Duchess, me,	5	1904	01:08:40a
	her handsome Duke, and	4	1905	01:08:42a
	The Bahamas Ocean Club, our castle.	6	1906	01:08:50a
	Of course, after the bachelor party,	6	1907	01:08:56a
	me, the Duke, needed a few penicillin shots so he could safely consummate the marriage.	15	1908	01:09:06a
	Hey! Barry Kleinman, filming the wedding.	6	1909	01:09:11a
	A few words for your son?	6	1910	01:09:12a
	Jordan.	1	1911	01:09:12b
	Remember what I told you.	5	1912	01:09:15a
	It involves your penis and her vagina.	7	1913	01:09:18a
	And you know, you know what you can do, Jordy.	10	1914	01:09:22a
	Oh, my God!	3	1915	01:09:40a
	Aunt Emma?	2	1916	01:09:46a
	I can't believe you came!	5	1917	01:09:48a
	Jordan!	1	1918	01:09:48b
	Jordan!	1	1919	01:09:48c
	Look who came!	3	1920	01:09:52a
	It's Aunt Emma.	3	1921	01:09:54a
	Aunt Emma.	2	1922	01:09:55a
	Oh, Jordan, dear, how lovely.	5	1923	01:09:57a
	Hey, how you doing?	4	1924	01:09:59a
	It's a pleasure to finally meet you in person.	9	1925	01:10:02a
	Into the donuts, I see.	5	1926	01:10:03a
	Oh, I...	2	1927	01:10:03b
	I... Well...	2	1928	01:10:08a
	I lived through the '60s, my dear.	7	1929	01:10:10a
	Enjoy the day.	3	1930	01:10:12a
	She surprised me.	3	1931	01:10:12b
	I didn't even know.	4	1932	01:10:26a
	Just one more step.	4	1933	01:10:28a
	Are you ready?	3	1934	01:10:30a
	Where are we going?	4	1935	01:10:30b
	Keep your eyes closed.	4	1936	01:10:32a
	One, two, three!	3	1937	01:10:36a
	What is this?	3	1938	01:10:37a
	It's your wedding present.	4	1939	01:10:38a
	What? It's your wedding present, sweetheart.	6	1940	01:10:42a
	What? Are you serious?	4	1941	01:10:45a
	I'm serious.	2	1942	01:10:46a
	A fucking yacht?	3	1943	01:10:49a
	For millionaires whose ships have come in,	7	1944	01:10:50a
	pricey pleasure boats are for the most fun afloat.	9	1945	01:10:53a
	It's no coincidence that its 150 feet of green hull is the color of cash.	15	1946	01:10:56a
	Anchors aweigh!	2	1947	01:10:58a
	Oh, my God!	3	1948	01:10:58b
	Baby! I think you like it?	6	1949	01:11:03a
	You're crazy.	2	1950	01:11:04a
	You like it?	3	1951	01:11:04b
	Yes! For three weeks, we sailed the Naomi through the Caribbean,	11	1952	01:11:14a
	eventually taking her home to Long Island,	7	1953	01:11:17a
	where we bought a house.	5	1954	01:11:18a
	Seven acres on the Gold Coast of Long Island.	9	1955	01:11:20a
	The most expensive real estate in the world.	8	1956	01:11:23a
	With maids, cooks, landscapers,	4	1957	01:11:23b
	you name it.	3	1958	01:11:26a
	We even had two guards who worked in shifts.	9	1959	01:11:28a
	Both named Rocco.	3	1960	01:11:33a
	It was heaven on earth.	5	1961	01:11:38a
	Wake up, you piece of shit!	6	1962	01:11:40a
	Ow! Who's Venice?	3	1963	01:11:42a
	Huh? Who?	2	1964	01:11:43a
	Who? Who?	2	1965	01:11:44a
	Who? What are you, a fucking owl?	7	1966	01:11:46a
	Who is she?	3	1967	01:11:46b
	Some little hooker you were fucking last night?	8	1968	01:11:49a
	What the fuck are you talking about?	7	1969	01:11:49b
	No. No way, baby, no!	5	1970	01:11:53a
	You were calling her name in your sleep!	8	1971	01:11:55a
	Are you out of your fucking mind?	7	1972	01:11:55b
	I don't...	2	1973	01:11:58a
	I don't even know who Venice is.	7	1974	01:12:00a
	What the fuck does that even mean?	7	1975	01:12:00b
	Venice.	1	1976	01:12:02a
	That's the stupidest shit I've ever heard in my fucking life!	11	1977	01:12:05a
	Venice...	1	1978	01:12:11a
	Venice, baby, where are you?	5	1979	01:12:14a
	Venice!	1	1980	01:12:16a
	Venice!	1	1981	01:12:18a
	Where'd you go?	3	1982	01:12:20a
	Oh, baby.	2	1983	01:12:24a
	Oh, you're gonna play rough,	5	1984	01:12:24b
	huh? Oh, Jesus Christ!	4	1985	01:12:26a
	You like that?	3	1986	01:12:29a
	I like it.	3	1987	01:12:31a
	I like it.	3	1988	01:12:31b
	Ow! Wolfie, Wolfie, Wolfie, Wolfie.	5	1989	01:12:35a
	Wolfie?	1	1990	01:12:36a
	Yeah, it's my safe word, baby.	6	1991	01:12:36b
	It's my safe word.	4	1992	01:12:38a
	I don't give a fuck about your safe word!	9	1993	01:12:39a
	Oh! Come on!	3	1994	01:12:40a
	Shut the fuck up!	4	1995	01:12:41a
	Ahh! Shut up, you little bitch!	6	1996	01:12:44a
	You're a fucking dirty little birdy!	6	1997	01:12:44b
	Owie! That's right.	3	1998	01:12:49a
	That's right!	2	1999	01:12:49b
	I forgot.	2	2000	01:12:51a
	I forgot, baby.	3	2001	01:12:52a
	Donnie and I were investing in a condominium complex in Venice.	11	2002	01:12:57a
	That's why all this confusion.	5	2003	01:12:58a
	Oh, you're investing in Italy?	5	2004	01:13:00a
	Not Italy.	2	2005	01:13:00b
	California.	1	2006	01:13:01a
	Oh, California?	2	2007	01:13:01b
	Yeah. You're a lying piece of shit!	7	2008	01:13:04a
	Duchess, baby, come on.	4	2009	01:13:05a
	Don't you fucking Duchess me.	5	2010	01:13:07a
	Don't you Duchess me!	4	2011	01:13:07b
	Do you really think that I don't know what you're up to?	12	2012	01:13:12a
	You're a father now, Jordan.	5	2013	01:13:12b
	Yeah. You're a father now.	5	2014	01:13:14a
	I know...	2	2015	01:13:15a
	And you're still acting like an infant!	7	2016	01:13:17a
	God damn it!	3	2017	01:13:20a
	Baby, you know, you got real anger issues.	8	2018	01:13:23a
	Who is the one who flew in here at 3:00 in the morning on their stupid helicopter and woke up	20	2019	01:13:28a
	Skylar?	1	2020	01:13:28b
	That was you!	3	2021	01:13:30a
	Oh, Skylar!	2	2022	01:13:30b
	Oh, fucking bullshit!	3	2023	01:13:42a
	Does it even matter to you that I just had that driving range sodded with Bermuda grass,	17	2024	01:13:48a
	Jordan, and now you fucking wrecked it!	7	2025	01:13:51a
	Oh, my God...	3	2026	01:13:51b
	Bermuda grass.	2	2027	01:13:53a
	No, you didn't research the whole thing and deal with the fucking golf course people!	15	2028	01:13:57a
	Oh, my God, you had to deal with the golf course people,	12	2029	01:13:59a
	too! What a Greek tragedy,	5	2030	01:14:01a
	honey!	1	2031	01:14:01b
	Oh, my God!	3	2032	01:14:04a
	You probably had to pay them in cash with your hands!	11	2033	01:14:07a
	What a fucking burden.	4	2034	01:14:08a
	And actually do some work besides swiping my fucking credit card all day,	13	2035	01:14:10a
	huh? Because I can't keep track of your professions, honey.	10	2036	01:14:15a
	Cause last month you were a wine connoisseur.	8	2037	01:14:17a
	Now you're an aspiring landscape architect!	6	2038	01:14:19a
	Let me get that right...	5	2039	01:14:19b
	No! Fuck you!	3	2040	01:14:21a
	Don't fucking dare throw that fucking water at me.	9	2041	01:14:23a
	Don't you fucking dare.	4	2042	01:14:26a
	All right, honey?	3	2043	01:14:28a
	Now will you just...	4	2044	01:14:30a
	We could talk this out, all right?	7	2045	01:14:32a
	We just use our words.	5	2046	01:14:32b
	You know?	2	2047	01:14:34a
	Communicate.	1	2048	01:14:35a
	Okay? Come on, sweetheart.	4	2049	01:14:38a
	Talk to me.	3	2050	01:14:38b
	Talk to me.	3	2051	01:14:40a
	Stop flexing your muscles, Jordan.	5	2052	01:14:43a
	You look like a fucking imbecile.	6	2053	01:14:44a
	Babe, come on.	3	2054	01:14:46a
	You should feel happy you got a husband who's in such great shape like this,	15	2055	01:14:49a
	huh? Come here.	3	2056	01:14:53a
	Come on, give me a kiss.	6	2057	01:14:55a
	You look so beautiful right now.	6	2058	01:14:56a
	Come on.	2	2059	01:14:56b
	Kiss you?	2	2060	01:14:57a
	You look so beautiful...	4	2061	01:14:57b
	Kiss you?	2	2062	01:14:59a
	Yeah, give me one...	4	2063	01:15:01a
	Fuck you!	2	2064	01:15:03a
	Ah, yes, my morning ritual.	5	2065	01:15:05a
	First I'd get up and fight with Naomi about whatever it is I did the night before.	17	2066	01:15:09a
	Next was a steam so I could sweat out the drugs still in my system.	15	2067	01:15:14a
	Then I'd assess the damage.	5	2068	01:15:15a
	Drown out my eyeballs.	4	2069	01:15:17a
	Take my back pills to get the day started,	9	2070	01:15:20a
	then seek to make up with Naomi.	7	2071	01:15:22a
	Good morning, Daddy.	3	2072	01:15:25a
	Where's my kiss?	3	2073	01:15:26a
	Whee! Hey, sweetheart.	3	2074	01:15:31a
	Does Daddy get a kiss from both of his little girls,	11	2075	01:15:31b
	huh? Oh, no.	3	2076	01:15:36a
	No, Daddy doesn't even get to touch Mommy for a very,	11	2077	01:15:39a
	very, very long time.	4	2078	01:15:44a
	Daddy's really sorry about what he said in the other room.	11	2079	01:15:46a
	He didn't mean any of it.	6	2080	01:15:47a
	Daddy shouldn't waste his time.	5	2081	01:15:50a
	And from now on, it's gonna be nothing but short,	10	2082	01:15:56a
	short skirts around the house.	5	2083	01:16:00a
	And you know something else,	5	2084	01:16:00b
	Daddy?	1	2085	01:16:04a
	Mommy is just so sick and tired of wearing panties.	10	2086	01:16:12a
	Yeah? Yeah.	2	2087	01:16:16a
	In fact, she's decided to throw them all away.	9	2088	01:16:27a
	So take a good look, Daddy.	6	2089	01:16:34a
	You're gonna be seeing an awful lot of this around the house.	12	2090	01:16:37a
	Oh, baby...	2	2091	01:16:38a
	Yeah, Mommy.	2	2092	01:16:40a
	Yeah...	1	2093	01:16:40b
	But no touching.	3	2094	01:16:43a
	Oh, gosh.	2	2095	01:16:49a
	What's wrong, Daddy?	3	2096	01:16:51a
	Baby. God!	2	2097	01:16:57a
	Look at this shit.	4	2098	01:16:58a
	Okay. Mommy likes to play games with Daddy.	8	2099	01:17:04a
	Mommy, have you ever noticed anything odd about Mr...	9	2100	01:17:09a
	Mr. Fuzzy Bear over there?	5	2101	01:17:13a
	His eyes seem to be a little bit odd,	9	2102	01:17:13b
	don't they?	2	2103	01:17:16a
	Yeah, there's something a little bit different about his eyes.	10	2104	01:17:20a
	Yes! I think it's true.	5	2105	01:17:20b
	Say Hi, Mommy.	3	2106	01:17:23a
	Say Hi to Rocco and Rocco.	6	2107	01:17:25a
	Say Hi.	2	2108	01:17:25b
	Hi, fellas.	2	2109	01:17:25c
	See that, huh?	3	2110	01:17:28a
	Of all the fucking days, she chooses today to give me blue balls!	13	2111	01:17:32a
	I mean, today was the biggest day in Stratton's history,	10	2112	01:17:35a
	and I needed to be thinking straight.	7	2113	01:17:37a
	Hey, Jordan!	2	2114	01:17:38a
	Welcome.	1	2115	01:17:38b
	Steve here yet?	3	2116	01:17:40a
	This was the day that we launched the Steve Madden IPO.	11	2117	01:17:44a
	Troops are all here, everyone's all rallied, excited.	8	2118	01:17:46a
	Everything had to run tight.	5	2119	01:17:48a
	It had to be perfect.	5	2120	01:17:49a
	What the fuck is that kid doing?	7	2121	01:17:51a
	What's he doing?	3	2122	01:17:53a
	The biggest IPO in this firm's history.	7	2123	01:17:55a
	What the fuck is he doing?	6	2124	01:17:59a
	Is he...	2	2125	01:17:59b
	Is he wearing a bow tie?	6	2126	01:18:01a
	Hi. How're you doing?	4	2127	01:18:04a
	Good. You cleaning the fish bowl?	6	2128	01:18:09a
	I just...	2	2129	01:18:09b
	I had a minute and...	5	2130	01:18:12a
	You had a minute.	4	2131	01:18:13a
	And today you needed to clean the fish bowl?	9	2132	01:18:13b
	Today?	1	2133	01:18:16a
	I had finished my paperwork and I had a couple of minutes.	12	2134	01:18:20a
	Okay. Nice to meet you.	5	2135	01:18:27a
	On new issue day?	4	2136	01:18:30a
	On cocksucking, motherfucking new issue day?	6	2137	01:18:33a
	This is what you do?	5	2138	01:18:35a
	Hey, everybody, listen up!	4	2139	01:18:38a
	This is what happens when you fuck with your pets on new issue day!	14	2140	01:18:43a
	Take your little bow tie, get your shit,	8	2141	01:18:56a
	and get the fuck out of my office!	8	2142	01:18:56b
	You understand?	2	2143	01:18:58a
	Get the fuck out!	4	2144	01:19:02a
	Everybody on point!	3	2145	01:19:05a
	We are here to make money.	6	2146	01:19:05b
	Everybody on point.	3	2147	01:19:10a
	A real wolf pit, which is exactly how I liked it.	11	2148	01:19:13a
	Jordan, look what I caught in the lobby.	8	2149	01:19:13b
	I caught a genius.	4	2150	01:19:16a
	Enter Steve Madden.	3	2151	01:19:17a
	The great American cobbler.	4	2152	01:19:19a
	Red-hot ladies footwear impresario.	4	2153	01:19:21a
	And thanks to Donnie, we were taking his company public.	10	2154	01:19:25a
	Stratton Oakmont was crawling out of the primordial ooze.	9	2155	01:19:29a
	Pond scum no more.	4	2156	01:19:31a
	That's why they gotta see your face.	7	2157	01:19:32a
	You get them fired up so they push the shit out of this stock.	14	2158	01:19:34a
	Okay? And not only that, Donnie and I secretly owned 85% of Steve Madden Shoes,	15	2159	01:19:41a
	which legally speaking was a big no-no,	7	2160	01:19:42a
	but we'd get filthy fucking rich if our troops got behind it.	12	2161	01:19:46a
	Our job was to get them worked up.	8	2162	01:19:49a
	But not too worked up.	5	2163	01:19:49b
	Shh. Hello.	2	2164	01:19:52a
	If, uh...	2	2165	01:19:52b
	For those of you who don't know me...	8	2166	01:19:57a
	My name's Steve Madden.	4	2167	01:19:58a
	Yeah, we know who you are.	6	2168	01:19:58b
	Your name is on the box.	6	2169	01:20:01a
	Get the shoes.	3	2170	01:20:01b
	Show them the shoes.	4	2171	01:20:03a
	Show them the shoes.	4	2172	01:20:03b
	Okay. Yeah.	2	2173	01:20:04a
	Anyway, you know, this shoe is pretty cool.	8	2174	01:20:08a
	This is the Mary Lou, which is really the shoe that put me on the map.	16	2175	01:20:10a
	Without it, I wouldn't be here.	6	2176	01:20:12a
	It's a fat girls' shoe!	5	2177	01:20:14a
	Believe it or not...	4	2178	01:20:14b
	Believe it or not though, the Mary Lou is actually the same as the Mary Jane,	16	2179	01:20:17a
	but it's black leather.	4	2180	01:20:20a
	Whoa, whoa, whoa!	3	2181	01:20:25a
	Fight back!	2	2182	01:20:25b
	Come on!	2	2183	01:20:25c
	Where you at?	3	2184	01:20:25d
	Where you at?	3	2185	01:20:28a
	All right!	2	2186	01:20:30a
	Let's give it up for Steve Madden and his awesome Mary Lou!	12	2187	01:20:33a
	Hold that up.	3	2188	01:20:33b
	Hold that up.	3	2189	01:20:33c
	Hold that up proud!	4	2190	01:20:36a
	Give him a round of applause!	6	2191	01:20:39a
	You guys got that out of your systems,	8	2192	01:20:39b
	huh? You having a good afternoon or what?	8	2193	01:20:45a
	I wanna take a moment and tell you why Steve here is so absolutely off the fucking wall.	18	2194	01:20:51a
	It's because this man is a creative genius.	8	2195	01:20:55a
	This ability, this gift that Steve has,	7	2196	01:20:59a
	it goes beyond just spotting the hottest shoe trends.	9	2197	01:21:02a
	Steve's power is that he creates trends.	7	2198	01:21:06a
	You understand?	2	2199	01:21:08a
	Artists like Steve come along once every decade.	8	2200	01:21:11a
	I'm talking Giorgio Armani,	4	2201	01:21:11b
	Gianni Versace, Coco Chanel,	4	2202	01:21:14a
	Yves Saint Laurent.	3	2203	01:21:16a
	Steve, come over here for a second.	7	2204	01:21:18a
	I don't think you all realize that Steve Madden is the hottest person in the women's shoe industry,	18	2205	01:21:22a
	with orders going through the roof at every department store in North America right now.	15	2206	01:21:31a
	We have him here in our office!	7	2207	01:21:34a
	We should thank our fucking lucky stars this man is here!	11	2208	01:21:37a
	We should be on our hands and knees right now,	10	2209	01:21:40a
	getting ready to suck this guy off!	7	2210	01:21:42a
	Like this!	2	2211	01:21:42b
	Okay? I wanna suck you off,	6	2212	01:21:45a
	Steve!	1	2213	01:21:47a
	Everyone's gonna suck you off!	5	2214	01:21:49a
	This is our golden ticket to the fucking chocolate factory right here!	12	2215	01:21:53a
	And I wanna meet Willy fucking Wonka,	7	2216	01:21:55a
	okay? I wanna be with the fucking Oompa Loompas like this!	11	2217	01:22:05a
	All right, get off this fucking stage!	7	2218	01:22:05b
	Get out of here.	4	2219	01:22:08a
	All right, I want all of you to focus for a second.	12	2220	01:22:11a
	See those little black boxes?	5	2221	01:22:13a
	They're called telephones.	3	2222	01:22:15a
	I'm gonna let you in on a little secret about these telephones.	12	2223	01:22:17a
	They're not gonna dial themselves.	5	2224	01:22:17b
	Okay? Without you, they're just worthless hunks of plastic.	9	2225	01:22:24a
	Like a loaded M16 without a trained Marine to pull the trigger.	12	2226	01:22:29a
	And in the case of the telephone,	7	2227	01:22:31a
	it's up to each and every one of you,	9	2228	01:22:35a
	my highly-trained Strattonites.	3	2229	01:22:39a
	My killers!	2	2230	01:22:41a
	My killers, who will not take no for an answer!	10	2231	01:22:45a
	My fucking warriors, who will not hang up the phone until their client either buys or fucking	17	2232	01:22:52a
	dies! Let me tell you something.	6	2233	01:23:11a
	There is no nobility in poverty.	6	2234	01:23:14a
	I have been a rich man and I have been a poor man.	13	2235	01:23:17a
	And I choose rich every fucking time.	7	2236	01:23:20a
	Because at least as a rich man,	7	2237	01:23:23a
	when I have to face my problems,	7	2238	01:23:24a
	I show up in the back of a limo,	9	2239	01:23:24b
	wearing a $2,000 suit and a $40,000 gold fucking watch!	10	2240	01:23:33a
	Duke it out!	3	2241	01:23:35a
	Hit him!	2	2242	01:23:36a
	Get the fuck off me!	5	2243	01:23:39a
	And if anyone here thinks I'm superficial or materialistic,	9	2244	01:23:43a
	go get a job at fucking McDonald's,	7	2245	01:23:45a
	cause that's where you fucking belong!	6	2246	01:23:49a
	But before you depart this room full of winners,	9	2247	01:23:54a
	I want you to take a good look at the person next to you.	14	2248	01:23:54b
	Go on.	2	2249	01:23:58a
	Because sometime in the not-so-distant future,	6	2250	01:24:00a
	you're gonna be pulling up to a red light in your beat-up old fucking Pinto,	15	2251	01:24:04a
	and that person's gonna be pulling up right alongside you in their brand new Porsche with their	17	2252	01:24:10a
	beautiful wife by their side,	5	2253	01:24:12a
	who's got big voluptuous tits.	5	2254	01:24:15a
	And who're you gonna be sitting next to?	8	2255	01:24:18a
	Some disgusting wildebeest with three days of razor-stubble,	8	2256	01:24:22a
	in a sleeveless muumuu, crammed in next to you in a carload full of groceries from the fucking	18	2257	01:24:26a
	Price Club!	2	2258	01:24:28a
	That's who you're gonna be sitting next to!	8	2259	01:24:30a
	So you listen to me and you listen well.	9	2260	01:24:32a
	Are you behind on your credit card bills?	8	2261	01:24:35a
	Good! Pick up the phone and start dialing!	8	2262	01:24:38a
	Is your landlord ready to evict you?	7	2263	01:24:38b
	Good! Pick up the phone and start dialing!	8	2264	01:24:43a
	Does your girlfriend think you're a fucking worthless loser?	9	2265	01:24:46a
	Good! Pick up the phone and start dialing!	8	2266	01:24:49a
	I want you to deal with your problems by becoming rich!	11	2267	01:24:53a
	All you have to do today is pick up that phone and speak the words that I have taught you.	20	2268	01:25:02a
	And I will make you richer than the most powerful CEO in the United States of fucking America!	18	2269	01:25:05a
	Yeah! Fuck, yeah!	3	2270	01:25:12a
	I want you to go out there and I want you to ram Steve Madden stock down your clients' throats	20	2271	01:25:17a
	until they fucking choke on it!	6	2272	01:25:23a
	Till they choke on it and they buy 100,000 shares!	10	2273	01:25:23b
	That's what I want.	4	2274	01:25:27a
	Yeah! Fuck, yeah.	3	2275	01:25:29a
	You be ferocious!	3	2276	01:25:31a
	You be relentless!	3	2277	01:25:31b
	Yeah! You be telephone fucking terrorists!	6	2278	01:25:37a
	Now let's knock this motherfucker out of the park!	9	2279	01:25:41a
	Oh! 00 p.m., we opened the stock for sale at $4.50 a share.	13	2280	01:26:16a
	By 1:03, it was over $18.	6	2281	01:26:19a
	Even the big Wall Street firms were buying.	8	2282	01:26:32a
	Of the two million shares offered for sale,	8	2283	01:26:34a
	a million belonged to me, held in phony accounts by my ratholes.	12	2284	01:26:37a
	Now once the price hit the high teens...	8	2285	01:26:39a
	You know what?	3	2286	01:26:39b
	Who gives a shit?	4	2287	01:26:41a
	As always, the point is this.	6	2288	01:26:43a
	$22 million in three fucking hours!	6	2289	01:26:49a
	Can you believe this shit?	5	2290	01:26:51a
	I fucking love this, baby!	5	2291	01:26:52a
	It's amazing!	2	2292	01:26:53a
	Jordan!	1	2293	01:26:55a
	Barry Kleinman's on the phone from Future Video.	8	2294	01:26:56a
	Who? I don't know.	4	2295	01:26:58a
	He shot at your wedding.	5	2296	01:26:59a
	He says it's urgent.	4	2297	01:27:00a
	Urgent?	1	2298	01:27:00b
	Who the fuck is Barry Kleinman?	6	2299	01:27:02a
	Oh, my God, you wanna marry me?	7	2300	01:27:04a
	You're in love with me?	5	2301	01:27:05a
	Yeah. Go fuck your cousin!	5	2302	01:27:06a
	Hey, Barry, what's up?	4	2303	01:27:08a
	Listen, I got this subpoena.	5	2304	01:27:10a
	Subpoena?	1	2305	01:27:10b
	What the fuck are you talking about?	7	2306	01:27:11a
	Yeah, the FBI, they want a copy of your wedding video.	11	2307	01:27:14a
	The fucking FBI?	3	2308	01:27:15a
	You fucking kidding me?	4	2309	01:27:15b
	Listen to me.	3	2310	01:27:17a
	His name is Denham.	4	2311	01:27:19a
	He's an agent with the New York office.	8	2312	01:27:20a
	What's his problem?	3	2313	01:27:22a
	He's a Boy Scout.	4	2314	01:27:22b
	He thinks you're fucking Gordon Gekko.	6	2315	01:27:25a
	What does he want with my wedding video?	8	2316	01:27:27a
	It's like an invasion of my privacy.	7	2317	01:27:29a
	You know what I'm saying?	5	2318	01:27:29b
	It's like...	2	2319	01:27:29c
	It's intrusive, you know.	4	2320	01:27:31a
	He's got pictures of your whole inner fucking circle.	9	2321	01:27:34a
	Pictures, names of the people.	5	2322	01:27:36a
	You know what he's trying to do?	7	2323	01:27:37a
	Exactly what he's doing.	4	2324	01:27:37b
	Look at yourself.	3	2325	01:27:39a
	He's trying to rattle you,	5	2326	01:27:39b
	he's trying to rattle your old lady,	7	2327	01:27:41a
	so she nags you until you become a fucking witness.	10	2328	01:27:44a
	He wants me to rat on myself?	7	2329	01:27:45a
	He wants me to give information about my...	8	2330	01:27:48a
	Listen.	1	2331	01:27:48b
	The good fucking news is, you know I know everybody downtown,	11	2332	01:27:51a
	I call up the Justice Department,	6	2333	01:27:51b
	the DEA, nobody even knows you fucking exist,	8	2334	01:27:53a
	so calm down!	3	2335	01:27:57a
	They don't know I exist?	5	2336	01:27:58a
	No. That's good.	3	2337	01:28:05a
	But you...	2	2338	01:28:06a
	You know who he is, right?	6	2339	01:28:08a
	Yeah.	1	2340	01:28:08b
	So, if I just wanted to get some more information,	10	2341	01:28:10a
	just find out what he knows,	6	2342	01:28:12a
	you could go to his house,	6	2343	01:28:12b
	right?	1	2344	01:28:16a
	Tap his phones a little bit,	6	2345	01:28:16b
	bug him.	2	2346	01:28:18a
	You could get some information...	5	2347	01:28:19a
	You don't fuck with these guys like that.	8	2348	01:28:22a
	You don't fuck with them like that.	7	2349	01:28:23a
	What are you, nuts or something?	6	2350	01:28:24a
	This is what you fucking do.	6	2351	01:28:24b
	What do I pay you for?	6	2352	01:28:26a
	I have a fucking P.I.	5	2353	01:28:26b
	license, you know?	3	2354	01:28:26c
	I make a living at this.	6	2355	01:28:29a
	I'm not a cop anymore.	5	2356	01:28:30a
	They'll take my fucking license away from me,	8	2357	01:28:30b
	all right?	2	2358	01:28:32a
	Okay. Okay, if I can't do that,	7	2359	01:28:34a
	can I just...	3	2360	01:28:37a
	Can I give the guy a call?	7	2361	01:28:39a
	Why? Is that...	3	2362	01:28:39b
	Jordan.	1	2363	01:28:39c
	Jordan.	1	2364	01:28:41a
	Do me a favor?	4	2365	01:28:43a
	The only one who calls this guy is your fucking lawyer.	11	2366	01:28:45a
	I can't call him, right?	5	2367	01:28:46a
	It's against the rules?	4	2368	01:28:46b
	I told you, whatever the fuck you say to him,	10	2369	01:28:50a
	he's gonna use against you.	5	2370	01:28:50b
	Don't you understand?	3	2371	01:28:53a
	He's smart, you're dumb.	4	2372	01:28:54a
	Fucking bullshit.	2	2373	01:28:56a
	Are we fucking talking tonight,	5	2374	01:28:58a
	or are you gonna get schwacked?	6	2375	01:28:59a
	The last time you took these fucking pills,	8	2376	01:29:01a
	you put your head in the fucking macaroni.	8	2377	01:29:01b
	I had to pick it up.	6	2378	01:29:04a
	All right.	2	2379	01:29:05a
	Okay, I won't call him.	5	2380	01:29:10a
	Hey, fellas!	2	2381	01:29:10b
	Come on board.	3	2382	01:29:10c
	The plank's right around there.	5	2383	01:29:14a
	Welcome!	1	2384	01:29:16a
	Ooh! What a nice day.	5	2385	01:29:20a
	Hey. Welcome aboard.	3	2386	01:29:23a
	Jordan.	1	2387	01:29:23b
	Welcome aboard the Naomi.	4	2388	01:29:23c
	Pleasure to meet you.	4	2389	01:29:26a
	Agent Denham.	2	2390	01:29:26b
	This is Agent Hughes.	4	2391	01:29:28a
	Hi, how are you?	4	2392	01:29:30a
	Let me introduce you.	4	2393	01:29:30b
	This is Nicole, Heidi.	4	2394	01:29:30c
	Come on.	2	2395	01:29:30d
	Don't be shy.	3	2396	01:29:32a
	What are you guys all shy for?	7	2397	01:29:32b
	Don't be scared.	3	2398	01:29:35a
	These are friends of Stratton.	5	2399	01:29:36a
	It's a pleasure.	3	2400	01:29:36b
	Hello.	1	2401	01:29:38a
	Um... Your message said that you wanted to speak privately.	10	2402	01:29:44a
	Right.	1	2403	01:29:44b
	I do want to speak privately.	6	2404	01:29:46a
	Give us a minute, huh, ladies?	6	2405	01:29:47a
	Let me know if I can get you anything.	9	2406	01:29:49a
	We'd be happy to help.	5	2407	01:29:51a
	You guys hungry?	3	2408	01:29:52a
	Want something to eat?	4	2409	01:29:52b
	Got some pasta, shrimp, lobster.	5	2410	01:29:55a
	I got whiskey.	3	2411	01:29:55b
	Any kind of booze you want.	6	2412	01:29:57a
	You know what?	3	2413	01:29:57b
	The Bureau doesn't allow us to drink while we're at sea.	11	2414	01:30:00a
	Duh! Of course.	3	2415	01:30:02a
	Ever been on one of these before?	7	2416	01:30:05a
	A boat?	2	2417	01:30:07a
	I learned how to sail when I was six.	9	2418	01:30:08a
	No shit.	2	2419	01:30:08b
	Is that right?	3	2420	01:30:08c
	Really?	1	2421	01:30:10a
	On one like this, though?	5	2422	01:30:12a
	I had the whole front extended in order to fit the chopper up there.	14	2423	01:30:15a
	See that?	2	2424	01:30:18a
	Anyway, this is for you.	5	2425	01:30:19a
	It's a complete list of every person that was at my wedding.	12	2426	01:30:22a
	I understand you wanted the whole wedding video.	8	2427	01:30:25a
	Figured this would help expedite the whole process,	8	2428	01:30:25b
	right?	1	2429	01:30:28a
	There you go.	3	2430	01:30:28b
	Look, my point is that I know you're investigating Stratton.	10	2431	01:30:33a
	But for the life of me, I can't figure out why.	11	2432	01:30:37a
	I know we're a little unorthodox,	6	2433	01:30:38a
	we're a little loud in the way we do things.	10	2434	01:30:40a
	But you gotta understand, we're the new guys on the block,	11	2435	01:30:41a
	you know, we're trying to make a name for ourselves.	10	2436	01:30:45a
	But I want you to understand,	6	2437	01:30:45b
	we don't do anything illegal.	5	2438	01:30:50a
	Whatsoever.	1	2439	01:30:51a
	I mean, you could talk to the SEC.	8	2440	01:30:53a
	They were at my office 15 times over the last six months.	12	2441	01:30:56a
	I mean, I got...	4	2442	01:30:56b
	I got nothing to hide.	5	2443	01:30:59a
	Well, you know the SEC is a civil regulatory agency.	10	2444	01:31:02a
	We pursue criminal activities.	4	2445	01:31:03a
	Exactly!	1	2446	01:31:03b
	You go after real criminals,	5	2447	01:31:07a
	which makes me wonder what the hell you're investigating me for?	11	2448	01:31:10a
	I mean, honestly...	3	2449	01:31:12a
	What is it that you think that we did or do?	11	2450	01:31:12b
	I don't get it.	4	2451	01:31:15a
	Well, I...	2	2452	01:31:17a
	Look, Jordan, I can't discuss an ongoing investigation.	8	2453	01:31:19a
	No, I get that.	4	2454	01:31:19b
	No, I understand.	3	2455	01:31:21a
	With that said...	3	2456	01:31:23a
	This case got dumped on my desk...	7	2457	01:31:25a
	Did it?	2	2458	01:31:25b
	You know, by a higher-up who needs to make a show of looking into the new company on the block,	20	2459	01:31:29a
	with all the press and everything.	6	2460	01:31:30a
	New loud guys.	3	2461	01:31:32a
	And then I end up being the schmuck who does the looking.	12	2462	01:31:32b
	Exactly.	1	2463	01:31:36a
	It's just, you know...	4	2464	01:31:36b
	It bothers me.	3	2465	01:31:38a
	We're the new guy.	4	2466	01:31:38b
	We're the one that's banging on Wall Street's door.	9	2467	01:31:40a
	I mean, you should...	4	2468	01:31:41a
	You should see what's going on at the bigger firms.	10	2469	01:31:43a
	I mean, I know all the information.	7	2470	01:31:45a
	It's true!	2	2471	01:31:45b
	Goldman, Lehman Brothers, Merrill...	4	2472	01:31:48a
	Collateralized debt obligations?	3	2473	01:31:50a
	This	1	2474	01:31:50b
	Internet stock bullshit?	3	2475	01:31:51a
	I mean, it's a fucking travesty.	6	2476	01:31:53a
	I could take you step-by-step through what exactly is occurring.	10	2477	01:31:58a
	All you have to do is ask.	7	2478	01:32:00a
	I'm available.	2	2479	01:32:02a
	That's exactly what I wanted to hear.	7	2480	01:32:02b
	Mmm-hmm.	1	2481	01:32:03a
	I don't see why a little sitdown like this can't be profitable for the both of us.	17	2482	01:32:09a
	It should.	2	2483	01:32:09b
	Right?	1	2484	01:32:09c
	It should profit the both of us.	7	2485	01:32:11a
	It should.	2	2486	01:32:11b
	Look. I'm gonna give you my personal line.	8	2487	01:32:15a
	Five days a week, you just call me,	8	2488	01:32:15b
	feel free.	2	2489	01:32:18a
	I'll do that.	3	2490	01:32:18b
	Great.	1	2491	01:32:23a
	Are you sure you guys don't want something to drink?	10	2492	01:32:24a
	You're not hungry?	3	2493	01:32:24b
	Nothing?	1	2494	01:32:26a
	Nothing?	1	2495	01:32:26b
	No? Oh, no.	3	2496	01:32:31a
	Let me ask you, and if you don't wanna get too personal,	12	2497	01:32:34a
	just tell me to shut up at any time.	9	2498	01:32:34b
	Oh. Did you try to get your broker's license at one time?	12	2499	01:32:39a
	Did I hear that right?	5	2500	01:32:39b
	Were you trying to take a stab at Wall Street?	10	2501	01:32:43a
	No? Who you been talking to?	6	2502	01:32:45a
	Who the fuck you been talking to?	7	2503	01:32:46a
	Well, you're investigating me.	4	2504	01:32:48a
	I hear things.	3	2505	01:32:48b
	You know what I mean?	5	2506	01:32:51a
	You ever think about what would've happened if you would have stayed the course?	14	2507	01:32:57a
	You know what?	3	2508	01:32:57b
	When I'm riding home on the subway and my balls are fucking sweating,	13	2509	01:33:00a
	I'm wearing the same suit three days in a row...	10	2510	01:33:02a
	Yeah, you bet I do.	5	2511	01:33:04a
	I've thought about it before.	5	2512	01:33:04b
	Who wouldn't, right?	3	2513	01:33:05a
	Right, who fucking wouldn't?	4	2514	01:33:06a
	What do you get...	4	2515	01:33:08a
	Another personal question,	3	2516	01:33:08b
	no need to answer...	4	2517	01:33:09a
	No, that's all right, Jordan.	5	2518	01:33:10a
	What do you pull in?	5	2519	01:33:10b
	50, 60K?	2	2520	01:33:10c
	Something like that?	3	2521	01:33:14a
	A year?	2	2522	01:33:14b
	In the ballpark?	3	2523	01:33:14c
	Oh. Well, I...	3	2524	01:33:17a
	Let's put it this way.	5	2525	01:33:19a
	You get a free handgun when you sign up for the Bureau.	12	2526	01:33:21a
	No, but it fucking pisses me off.	7	2527	01:33:23a
	You know what I mean?	5	2528	01:33:25a
	You think about the people that built this country,	9	2529	01:33:27a
	hardworking people like you.	4	2530	01:33:29a
	Firefighters, teachers, FBI agents.	4	2531	01:33:31a
	End of the day, you guys get fucking skinned alive financially.	11	2532	01:33:35a
	It fucking makes me angry.	5	2533	01:33:37a
	Now the one thing about Wall Street and this market is,	11	2534	01:33:40a
	for me, I feel it's good to give back.	9	2535	01:33:43a
	You know, there's...	3	2536	01:33:45a
	There are situations where I can make those situations better for people.	12	2537	01:33:48a
	You know?	2	2538	01:33:51a
	You know what I mean.	5	2539	01:33:53a
	Opportunity is everything.	3	2540	01:33:56a
	Exactly.	1	2541	01:33:57a
	Take for example, I got this one kid,	8	2542	01:33:57b
	right?	1	2543	01:34:00a
	Went to school for environmental science,	6	2544	01:34:00b
	something like that.	3	2545	01:34:03a
	He was bogged down by student loans.	7	2546	01:34:05a
	Turns out, his mother needed triple bypass surgery.	8	2547	01:34:08a
	Jesus.	1	2548	01:34:08b
	Right.	1	2549	01:34:08c
	Horrible situation.	2	2550	01:34:10a
	Sure. But we got him into the market at the right time and chose the right stock.	17	2551	01:34:14a
	We gave him the right guidance.	6	2552	01:34:15a
	Boom! Overnight, changed his entire life.	6	2553	01:34:19a
	Got to put his mother into the best hospital in New York City.	13	2554	01:34:22a
	It didn't work out for her,	6	2555	01:34:22b
	granted, she passed away, unfortunately.	5	2556	01:34:25a
	But we gave him that opportunity.	6	2557	01:34:27a
	You know what I'm saying?	5	2558	01:34:29a
	It's just about setting up the right team,	8	2559	01:34:31a
	and then overnight your life can change.	7	2560	01:34:39a
	What does...	2	2561	01:34:39b
	What does an intern...	4	2562	01:34:43a
	What does an intern make in a deal like that?	10	2563	01:34:45a
	Well, in that situation, in that particular trade,	8	2564	01:34:48a
	and it was one trade, north of half a million dollars.	11	2565	01:34:57a
	And I'd do that for anybody,	6	2566	01:34:57b
	you know, anybody that needs the proper guidance.	8	2567	01:35:22a
	Can you say that again, just the way you said it?	11	2568	01:35:27a
	Just the same way.	4	2569	01:35:30a
	Oh. I don't know what you're talking about.	8	2570	01:35:34a
	Oh, come on!	3	2571	01:35:34b
	You know what I'm talking about.	6	2572	01:35:36a
	I think what Jordan just did is he...	8	2573	01:35:38a
	If I'm not mistaken...	4	2574	01:35:38b
	No. ...you just tried to bribe a federal officer.	9	2575	01:35:42a
	No, technically I didn't bribe anybody.	6	2576	01:35:44a
	No, no, that's not the conversation I heard, Jordan.	9	2577	01:35:46a
	No, no, according to the U.S. criminal code,	8	2578	01:35:48a
	there needs to be an exact dollar figure for the exchange of services.	13	2579	01:35:50a
	Oh! That would not hold up in a court of law.	11	2580	01:35:53a
	Nah, it's not how I heard it.	7	2581	01:35:55a
	No, no, no, that's the truth.	6	2582	01:35:55b
	But I want to tell you this.	7	2583	01:35:58a
	Yeah.	1	2584	01:35:59a
	The same gentleman that told me that you tried to get your broker's license also told me that	18	2585	01:36:02a
	you are a straight arrow.	5	2586	01:36:04a
	He ran a security check on me.	7	2587	01:36:06a
	Well...	1	2588	01:36:07a
	Yeah, when you sail on a boat fit for a Bond villain,	12	2589	01:36:10a
	sometimes you need to play the part.	7	2590	01:36:10b
	Right?	1	2591	01:36:14a
	I think it's time you both get the fuck off my boat.	12	2592	01:36:16a
	What do you say?	4	2593	01:36:16b
	Hmm? You know, Jordan, I'll tell you something.	8	2594	01:36:19a
	Most of the Wall Street jackasses that I bust,	9	2595	01:36:23a
	they're to the manor born.	5	2596	01:36:25a
	Is that right?	3	2597	01:36:25b
	Yeah.	1	2598	01:36:27a
	Their fathers are douchebags,	4	2599	01:36:27b
	just like their fathers before them.	6	2600	01:36:31a
	But you...	2	2601	01:36:34a
	You, Jordan, you got this way all on your own.	10	2602	01:36:37a
	Did I?	2	2603	01:36:38a
	Good for you, little man.	5	2604	01:36:38b
	Little man?	2	2605	01:36:41a
	Good for you.	3	2606	01:36:42a
	Me, the little man?	4	2607	01:36:43a
	And let me tell you something.	6	2608	01:36:44a
	Let me tell you something else.	6	2609	01:36:46a
	Honestly, I'm not bullshitting here,	5	2610	01:36:48a
	this is one of the nicest boats that I've ever been on,	12	2611	01:36:49a
	I gotta tell you.	4	2612	01:36:49b
	I bet it is.	4	2613	01:36:52a
	And you know what I was just thinking,	8	2614	01:36:52b
	too?	1	2615	01:36:53a
	The fucking hero that I'm gonna be back at the office when the Bureau seizes this fucking boat.	18	2616	01:36:56a
	Because, I mean, fuckety-fuck-fuck,	4	2617	01:36:59a
	Jordan, look at this thing!	5	2618	01:37:01a
	It's beautiful!	2	2619	01:37:04a
	And you got the beautiful girls there.	7	2620	01:37:04b
	It's wonderful.	2	2621	01:37:07a
	All right, get the fuck off my boat.	8	2622	01:37:09a
	I'm sure we'll be seeing each other real soon.	9	2623	01:37:11a
	I'm sure.	2	2624	01:37:12a
	Good luck on that subway ride home to your miserable,	10	2625	01:37:14a
	ugly fucking wives.	3	2626	01:37:16a
	I'm gonna have Heidi lick some caviar off my balls in the meantime.	13	2627	01:37:19a
	Hey, you guys want to take some lobsters for your ride home?	12	2628	01:37:22a
	Fucking miserable pricks, I know you can't afford them!	9	2629	01:37:25a
	Fucking cheap fucks.	3	2630	01:37:27a
	Fucking miserable pricks.	3	2631	01:37:27b
	Hey, fellas!	2	2632	01:37:29a
	Look what I found in my pocket!	7	2633	01:37:29b
	Look! A year's salary right here.	6	2634	01:37:34a
	You know what I call them?	6	2635	01:37:34b
	Fun coupons!	2	2636	01:37:37a
	See that!	2	2637	01:37:39a
	They're fun coupons!	3	2638	01:37:45a
	Switzerland?	1	2639	01:37:49a
	What the fuck is in Switzerland?	6	2640	01:37:51a
	Swiss fucking banks, that's what.	5	2641	01:37:53a
	It was ass-covering time.	4	2642	01:37:53b
	I had to hide my money.	6	2643	01:37:57a
	Enter Rugrat.	2	2644	01:37:59a
	He knew this Swiss banker from law school.	8	2645	01:38:01a
	That's for European pussy!	4	2646	01:38:01b
	But he was in Geneva.	5	2647	01:38:03a
	And there was no way I was gonna make that flight sober.	12	2648	01:38:07a
	So I knew if I took my drugs right,	9	2649	01:38:09a
	I could sleep through the entire flight.	7	2650	01:38:11a
	But I had to take them just right.	8	2651	01:38:14a
	At 4:00 p.m., I popped a few more ludes,	9	2652	01:38:17a
	which started kicking in by the time I finished my sales meeting.	12	2653	01:38:20a
	My tingle phase.	3	2654	01:38:22a
	By dinner, I popped a few more on top of some cocktails and a Valium or two.	17	2655	01:38:26a
	My slur phase.	3	2656	01:38:29a
	By 8:30, I took a few more ludes and pretty much lost all my motor skills.	16	2657	01:38:36a
	This was the drool phase.	5	2658	01:38:40a
	And by 10:00, I didn't know who or what the fuck I was.	13	2659	01:38:44a
	The amnesia phase.	3	2660	01:38:46a
	We boarded the plane just before midnight.	7	2661	01:38:48a
	Wow! Look at you!	4	2662	01:38:50a
	You're beautiful.	2	2663	01:38:50b
	Excuse me, sir.	3	2664	01:38:52a
	His sleeping pills just kicked in.	6	2665	01:38:52b
	He's all right.	3	2666	01:38:54a
	May I see your boarding passes,	6	2667	01:38:54b
	sir? We have the boarding passes.	6	2668	01:38:58a
	Jesus Christ, I wanna fuck her.	6	2669	01:39:01a
	Hey! Fucking relax.	3	2670	01:39:03a
	Oh, my God!	3	2671	01:39:03b
	You got your hand on my fucking cock!	8	2672	01:39:04a
	I don't.	2	2673	01:39:04b
	Cut it out.	3	2674	01:39:06a
	He's got his hand on my dick again.	8	2675	01:39:07a
	I'm just trying to buckle you up.	7	2676	01:39:08a
	You got your hand on his dick?	7	2677	01:39:10a
	You gotta stop doing that in public places.	8	2678	01:39:12a
	Oh, my God.	3	2679	01:39:12b
	Take it off!	3	2680	01:39:14a
	Take it off!	3	2681	01:39:15a
	I heard there's a treasure map under here.	8	2682	01:39:18a
	Stop! I know, miss.	4	2683	01:39:19a
	Excuse me, sir.	3	2684	01:39:20a
	Please sit down.	3	2685	01:39:22a
	Watch it.	2	2686	01:39:22b
	Go back to your seat, please.	6	2687	01:39:24a
	What are you upset about?	5	2688	01:39:25a
	Please go back to your seat.	6	2689	01:39:26a
	I will have to call the captain.	7	2690	01:39:28a
	Please, sir, please, sir.	4	2691	01:39:28b
	Sit down.	2	2692	01:39:30a
	Please sit down!	3	2693	01:39:30b
	Ow! I'm going!	3	2694	01:39:32a
	Stop. Okay, sorry.	3	2695	01:39:34a
	We apologize.	2	2696	01:39:34b
	We're gonna go to sleep.	5	2697	01:39:36a
	Question.	1	2698	01:39:36b
	I wanna ask you a question.	6	2699	01:39:37a
	Fasten your seat belt, sir.	5	2700	01:39:39a
	We cannot take off if you haven't fastened your seat belt.	11	2701	01:39:41a
	I'm really horny, too.	4	2702	01:39:42a
	Sit down.	2	2703	01:39:42b
	Fasten it.	2	2704	01:39:43a
	Right.	1	2705	01:39:43b
	Okay, I'll sit down...	4	2706	01:39:43c
	I will do it for you.	6	2707	01:39:45a
	What? I'll do it for you.	6	2708	01:39:46a
	You gotta speak English.	4	2709	01:39:47a
	We don't understand this language you're speaking.	7	2710	01:39:49a
	I will help him with his seat belt.	8	2711	01:39:52a
	You gotta put it on right.	6	2712	01:39:52b
	Sit back.	2	2713	01:39:52c
	Sit back, sir.	3	2714	01:39:54a
	There you go.	3	2715	01:39:54b
	All right.	2	2716	01:39:54c
	I'll just lean back...	4	2717	01:39:57a
	Bitte, Hilfe!	2	2718	01:40:00a
	Jesus Christ!	2	2719	01:40:17a
	Fuck! Donnie...	2	2720	01:40:21a
	Donnie, this isn't funny.	4	2721	01:40:21b
	You gotta untie me, buddy.	5	2722	01:40:25a
	I can't untie you.	4	2723	01:40:27a
	The captain tied you up.	5	2724	01:40:27b
	He almost fucking tasered you.	5	2725	01:40:30a
	Why? Why?	2	2726	01:40:33a
	He's got a fear of flying.	6	2727	01:40:37a
	Ahh! He's very nervous on planes,	6	2728	01:40:40a
	I'm sorry, it's not you, sweetheart,	6	2729	01:40:42a
	don't beat yourself up.	4	2730	01:40:44a
	Easy, easy.	2	2731	01:40:44b
	He's fine.	2	2732	01:40:44c
	He's just a nervous flyer.	5	2733	01:40:47a
	You were screaming at people.	5	2734	01:40:49a
	Oh, fuck off.	3	2735	01:40:50a
	You were on the floor rolling around and shit.	9	2736	01:40:53a
	Oh, Jesus.	2	2737	01:40:54a
	You called the captain the N-word.	6	2738	01:40:56a
	I called the captain the N-word?	6	2739	01:40:58a
	Yeah, he was very upset.	5	2740	01:40:58b
	Really?	1	2741	01:41:00a
	Luckily we're in first class.	5	2742	01:41:01a
	Jesus.	1	2743	01:41:04a
	Jesus Christ, I think you have a fucking drug problem.	10	2744	01:41:07a
	Where are the ludes?	4	2745	01:41:09a
	Where are the ludes?	4	2746	01:41:10a
	They're up my ass.	4	2747	01:41:10b
	Don't worry about it.	4	2748	01:41:12a
	I got it.	3	2749	01:41:12b
	Okay. Thank God.	3	2750	01:41:16a
	Jesus Christ, what are we gonna do when we get to Switzerland,	12	2751	01:41:17a
	buddy?	1	2752	01:41:19a
	This is bad.	3	2753	01:41:20a
	Fucking things are against my chest.	6	2754	01:41:20b
	I can't breathe.	3	2755	01:41:22a
	Come on, do something to calm me down.	8	2756	01:41:22b
	Please.	1	2757	01:41:24a
	Okay, shut the fuck up.	5	2758	01:41:24b
	Shut the fuck up.	4	2759	01:41:26a
	Okay. Shh!	2	2760	01:41:26b
	Shh! That's good.	3	2761	01:41:29a
	Go to sleep.	3	2762	01:41:30a
	Rub it harder, buddy.	4	2763	01:41:32a
	You're all right.	3	2764	01:41:34a
	We all love you.	4	2765	01:41:34b
	Shut the fuck up!	4	2766	01:41:40a
	Mr. Belfort, you're free to go.	6	2767	01:41:47a
	Really?	1	2768	01:41:51a
	Whoo! Hey, Donnie.	3	2769	01:41:52a
	Yeah? When we get out there,	6	2770	01:41:53a
	try not to act like yourself.	6	2771	01:41:55a
	Okay? Let's make Geneva an asshole-free Donnie zone,	8	2772	01:41:55b
	all right?	2	2773	01:41:57a
	What are you fucking coming at me for?	8	2774	01:41:59a
	Hey, listen.	2	2775	01:41:59b
	The only reason you're sitting in this limo and not in a Swiss jail is because of my friend.	19	2776	01:42:00a
	Okay? Hilfe!	2	2777	01:42:02a
	We're here.	2	2778	01:42:04a
	We're here.	2	2779	01:42:04b
	Everyone calm down.	3	2780	01:42:07a
	Jordan Belfort!	2	2781	01:42:08a
	At last.	2	2782	01:42:10a
	Nicholas has told me so much about you.	8	2783	01:42:12a
	Jordan, Jean Jacques Saurel.	4	2784	01:42:15a
	Pleasure to make your acquaintance.	5	2785	01:42:16a
	Nice to meet you.	4	2786	01:42:18a
	It's a joke.	3	2787	01:42:19a
	You'll understand when you're in the fucking seat.	8	2788	01:42:21a
	You need a bigger couch.	5	2789	01:42:21b
	For guests.	2	2790	01:42:23a
	Yeah. Yeah, yeah.	3	2791	01:42:23b
	I don't understand.	3	2792	01:42:23c
	I'm sorry.	2	2793	01:42:25a
	I'm curious about your bank secrecy laws here.	8	2794	01:42:29a
	Wait. Yes.	2	2795	01:42:29b
	Excusez-moi, Jordan.	2	2796	01:42:33a
	Swiss custom requires 10 minutes of...	6	2797	01:42:36a
	Blah, blah, blah.	3	2798	01:42:37a
	Chit chat.	2	2799	01:42:37b
	Yeah, chit chat, thank you.	5	2800	01:42:39a
	...before business can be discussed.	5	2801	01:42:42a
	Yeah. Of course.	3	2802	01:42:49a
	Let's get down to it.	5	2803	01:42:49b
	What would you like to know?	6	2804	01:42:51a
	Under what circumstances would you be obligated to cooperate with an FBI or a U.S. Justice Department	17	2805	01:42:57a
	investigation, for example?	3	2806	01:43:00a
	Ça dépend.	2	2807	01:43:02a
	Ça dépend?	2	2808	01:43:02b
	Oui. Ça dépend on what, exactly?	6	2809	01:43:09a
	Whether America plans to invade Switzerland in the coming months.	10	2810	01:43:11a
	Shall I check if tanks are rolling down the Rue de la Croy?	13	2811	01:43:16a
	Yes. Rue de la Croix.	5	2812	01:43:16b
	Croix.	1	2813	01:43:16c
	Croix.	1	2814	01:43:18a
	Not Croy.	2	2815	01:43:18b
	Not Rue de la Croy.	5	2816	01:43:18c
	It's Croix.	2	2817	01:43:21a
	See, this is what he used to do back in law school.	12	2818	01:43:21b
	Check me.	2	2819	01:43:23a
	Champagne.	1	2820	01:43:23b
	Champagne.	1	2821	01:43:23c
	Yeah. Yeah, yeah.	3	2822	01:43:25a
	French fries, pommes frites.	4	2823	01:43:28a
	And that kind of stuff.	5	2824	01:43:29a
	That's funny.	2	2825	01:43:32a
	What I'm asking, you Swiss dick,	6	2826	01:43:35a
	is are you going to fuck me over?	8	2827	01:43:40a
	I understand perfectly, you American shit.	6	2828	01:43:46a
	The only way the Banque Réal de Genève would cooperate with a foreign legal body is if the crime	19	2829	01:43:50a
	being pursued is also a crime in Switzerland.	8	2830	01:43:55a
	But there are very few Swiss laws which apply to your practices.	12	2831	01:43:59a
	Hmm. From a financial standpoint,	5	2832	01:44:02a
	you are now in heaven.	5	2833	01:44:05a
	See, I told you he was fantastic,	7	2834	01:44:05b
	right?	1	2835	01:44:08a
	If the U.S. Justice Department sent us a subpoena,	9	2836	01:44:08b
	it would become papier toilette.	5	2837	01:44:15a
	We would wipe our ass with it.	7	2838	01:44:17a
	Unless, of course, it was an investigation into stock fraud,	10	2839	01:44:23a
	which is a crime here in Switzerland,	7	2840	01:44:23b
	if I'm correct.	3	2841	01:44:25a
	Then there would have to be coopération on your part,	10	2842	01:44:29a
	if I'm not mistaken.	4	2843	01:44:29b
	Yes. Yes, we would.	4	2844	01:44:34a
	Assuming the account is under your name.	7	2845	01:44:38a
	If it were another name, a friend's, camarade...	8	2846	01:44:44a
	Cousin?	1	2847	01:44:44b
	Relative?	1	2848	01:44:50a
	Yeah. Hmm.	2	2849	01:44:53a
	Was that yodeling I just heard or did you just say what I thought you said?	16	2850	01:44:59a
	Yes. Yes.	2	2851	01:45:01a
	He's telling me to use a fucking rathole.	8	2852	01:45:04a
	But a U.S. rathole would never get into Switzerland with all that money.	13	2853	01:45:08a
	What I needed was a rathole with a European passport.	10	2854	01:45:19a
	Jordan.	1	2855	01:45:21a
	Hey. How's my favorite aunt,	5	2856	01:45:21b
	huh? Welcome.	2	2857	01:45:24a
	Was the traffic terrible?	4	2858	01:45:25a
	Oh, no, not at all.	5	2859	01:45:30a
	Jordan, come in.	3	2860	01:45:31a
	Thank God Aunt Emma didn't need too much convincing.	9	2861	01:45:34a
	Turned out the British weren't too different from the Swiss.	10	2862	01:45:37a
	Money talks and bullshit takes the bus.	7	2863	01:45:40a
	How do you say rathole in British?	7	2864	01:45:42a
	If you get into any trouble whatsoever,	7	2865	01:45:45a
	I'll come forth immediately.	4	2866	01:45:45b
	I'll say that I duped you.	6	2867	01:45:48a
	That I promise.	3	2868	01:45:50a
	Risk is what keeps us young,	6	2869	01:45:50b
	isn't it, darling?	3	2870	01:45:56a
	Sometimes I wonder if you let money get the best of you,	12	2871	01:45:59a
	my love.	2	2872	01:46:02a
	Among other substances.	3	2873	01:46:05a
	Oh. It's that obvious, huh?	5	2874	01:46:11a
	It's chilly, darling, and you're sweating bullets.	7	2875	01:46:17a
	What can I say?	4	2876	01:46:17b
	I'm...	1	2877	01:46:19a
	I'm a drug addict.	4	2878	01:46:21a
	I really am.	3	2879	01:46:24a
	Cocaine, pills, whatever it is,	5	2880	01:46:26a
	I'll fucking do it.	4	2881	01:46:26b
	Now that's the truth.	4	2882	01:46:31a
	I mean...	2	2883	01:46:32a
	I'm a sex addict, too.	5	2884	01:46:35a
	Well, there are worse things to be addicted to than sex.	11	2885	01:46:37a
	Jesus, why am I telling you all this?	8	2886	01:46:38a
	Why am I...	3	2887	01:46:40a
	I'm sorry.	2	2888	01:46:43a
	Because I'm very easy to talk to.	7	2889	01:46:45a
	You are.	2	2890	01:46:45b
	You are easy to talk to.	6	2891	01:46:45c
	Mmm. I suppose it's...	4	2892	01:46:51a
	Just my job, you know.	5	2893	01:46:53a
	All these people dependent on me.	6	2894	01:46:55a
	Tens of millions of dollars at stake,	7	2895	01:46:55b
	you know.	2	2896	01:46:58a
	Sometimes I feel like I...	5	2897	01:47:00a
	I've bitten off more than I can chew,	8	2898	01:47:00b
	you know.	2	2899	01:47:03a
	You're a man with large appetites.	6	2900	01:47:06a
	Yeah. Is she fucking hitting on me?	7	2901	01:47:11a
	Yeah. Yeah, I am.	4	2902	01:47:16a
	I suppose I put that on myself though,	8	2903	01:47:16b
	right?	1	2904	01:47:19a
	My decision.	2	2905	01:47:21a
	It's just hard to...	4	2906	01:47:23a
	Hard to learn to control the anxiety sometimes,	8	2907	01:47:23b
	you know?	2	2908	01:47:28a
	You know, to...	3	2909	01:47:29a
	Learn to relax and let go and...	7	2910	01:47:33a
	To release the tension.	4	2911	01:47:36a
	She is hitting on me.	5	2912	01:47:38a
	Holy shit!	2	2913	01:47:40a
	Yeah, to release the tension.	5	2914	01:47:46a
	I suppose we...	3	2915	01:47:48a
	We all just need to learn...	6	2916	01:47:51a
	Learn to do what comes naturally in life,	8	2917	01:47:51b
	you know?	2	2918	01:47:57a
	Is he fucking hitting on me?	6	2919	01:48:05a
	Stability, dear.	2	2920	01:48:07a
	Family.	1	2921	01:48:15a
	You take care of my niece,	6	2922	01:48:15b
	my love.	2	2923	01:48:17a
	I'll take care of everything over here.	7	2924	01:48:21a
	Deal. Come on!	3	2925	01:48:25a
	There you go.	3	2926	01:48:27a
	Whoo! We had, literally, a fuckload of money.	8	2927	01:48:32a
	Aunt Emma could never carry all this by herself.	9	2928	01:48:35a
	So I thought to myself, who else has a European passport?	11	2929	01:48:39a
	Brad, you're making this too fucking tight!	7	2930	01:48:41a
	Now Brad, as a successful drug dealer,	7	2931	01:48:44a
	spent his winters in the south of France,	8	2932	01:48:46a
	which is where he met his wife,	7	2933	01:48:46b
	Chantalle, a stripper of Slovenian origin born,	7	2934	01:48:52a
	in of all places, Switzerland.	5	2935	01:48:59a
	Well, this is fucked.	4	2936	01:49:02a
	Oh. No shit.	3	2937	01:49:07a
	Like, this will take her like 50 trips.	8	2938	01:49:09a
	I know.	2	2939	01:49:14a
	Let me ask you something?	5	2940	01:49:16a
	What about her family?	4	2941	01:49:16b
	Right?	1	2942	01:49:18a
	I mean, they all got Swiss passports, right.	8	2943	01:49:21a
	She's got parents, she's got a brother,	7	2944	01:49:21b
	right?	1	2945	01:49:23a
	The brother's got a wife.	5	2946	01:49:23b
	That's five fucking people.	4	2947	01:49:25a
	Six, seven trips, boom, right?	5	2948	01:49:27a
	They're all fucking Swiss nitwits like her.	7	2949	01:49:29a
	They'll do it.	3	2950	01:49:29b
	We could do that.	4	2951	01:49:30a
	At least I have a family, you crooked-nose fuck!	9	2952	01:49:33a
	Hey, don't forget about my money.	6	2953	01:49:37a
	I'm sorry, what's that?	4	2954	01:49:38a
	Yeah, I forgot to tell you.	6	2955	01:49:38b
	He's got some...	3	2956	01:49:40a
	He's got some money.	4	2957	01:49:41a
	My money.	2	2958	01:49:42a
	I got a couple of mil coming in like a week.	11	2959	01:49:45a
	When it gets in, I'll give you a call,	9	2960	01:49:45b
	you come pick it up.	5	2961	01:49:50a
	You give me a call?	5	2962	01:49:53a
	When it gets here, I'll give you a call and you'll come pick it up.	15	2963	01:49:56a
	Well, we don't fucking work for you,	7	2964	01:49:56b
	man! Sweetheart, you have my money taped to your tits.	10	2965	01:50:02a
	Okay? Technically, you do work for me.	7	2966	01:50:07a
	Hey, Jordan, we're gonna need to talk.	7	2967	01:50:09a
	If I fucking do this, I'm telling you right now,	10	2968	01:50:10a
	I ain't going to him, okay.	6	2969	01:50:11a
	I'm not a fucking shvartze.	5	2970	01:50:11b
	I got it.	3	2971	01:50:12a
	I don't do fucking pickups,	5	2972	01:50:12b
	all right?	2	2973	01:50:14a
	I got it.	3	2974	01:50:14b
	Well, listen to me.	4	2975	01:50:15a
	We meet someplace that I fucking say.	7	2976	01:50:16a
	And you tell that fucking piece of shit,	8	2977	01:50:18a
	he comes correct.	3	2978	01:50:18b
	I will.	2	2979	01:50:20a
	He comes in all fucking loopy and fucked up,	9	2980	01:50:20b
	I swear to God I'll mash that douchebag's teeth in.	10	2981	01:50:23a
	You're gonna mash whose fucking teeth in?	7	2982	01:50:25a
	Whose fucking teeth are you gonna mash in?	8	2983	01:50:27a
	I put the money on that fucking table!	8	2984	01:50:27b
	Not you!	2	2985	01:50:29a
	I'm the reason we have this whole fucking deal!	9	2986	01:50:31a
	He's got a gun, you fucking idiot!	7	2987	01:50:31b
	Fuck his gun!	3	2988	01:50:33a
	I put that money in there!	6	2989	01:50:35a
	You know what?	3	2990	01:50:35b
	You're a fucking pill dealer.	5	2991	01:50:36a
	I got five more just like you, bro.	8	2992	01:50:39a
	Keep talking, you fucking piece of shit!	7	2993	01:50:40a
	You know what else?	4	2994	01:50:40b
	You dress like shit!	4	2995	01:50:42a
	So fuck you!	3	2996	01:50:44a
	Fucking motherfucker!	2	2997	01:50:44b
	Oh! Jesus!	2	2998	01:50:45a
	How about that, faggot?	4	2999	01:50:45b
	Who's a faggot?	3	3000	01:50:47a
	You okay?	2	3001	01:50:47b
	Hey, pal.	2	3002	01:50:52a
	The next day, Aunt Emma flew to Geneva.	8	3003	01:50:55a
	Two million in cash in her carry-on,	7	3004	01:50:57a
	which in the big picture was a drop in the Swiss bucket.	12	3005	01:51:01a
	Cause the following month,	4	3006	01:51:03a
	over the course of six round trips,	7	3007	01:51:05a
	Chantalle's family and friends smuggled in over 20 million in cash without even a hiccup.	15	3008	01:51:12a
	And I have some more.	5	3009	01:51:15a
	Really?	1	3010	01:51:17a
	Here. Oh, thank you.	4	3011	01:51:19a
	And here.	2	3012	01:51:21a
	Welcome.	1	3013	01:51:21b
	Welcome.	1	3014	01:51:22a
	Yeah, like four bags of it.	6	3015	01:51:22b
	Ooh! Are you Swiss-Slovakian or Swiss-Slovenian?	6	3016	01:51:28a
	Slovenian.	1	3017	01:51:28b
	Slovenian?	1	3018	01:51:30a
	Who cares.	2	3019	01:51:30b
	You're blonde.	2	3020	01:51:31a
	Oh, stop.	2	3021	01:51:44a
	Shit. Just put the fucking car in park,	8	3022	01:51:55a
	you dumb fucking idiot!	4	3023	01:51:59a
	I can't close this briefcase.	5	3024	01:52:01a
	One fucking day.	3	3025	01:52:02a
	One fucking day, you couldn't keep it together?	8	3026	01:52:04a
	I'm fucked up, Brad.	4	3027	01:52:06a
	Gotta be fucking kidding me.	5	3028	01:52:08a
	Fucked up.	2	3029	01:52:14a
	It's a joke.	3	3030	01:52:14b
	It's a joke?	3	3031	01:52:15a
	I'm sober.	2	3032	01:52:15b
	Jesus fucking Christ!	3	3033	01:52:17a
	It's a fucking joke.	4	3034	01:52:19a
	Are you fucking stupid?	4	3035	01:52:19b
	I'm not stupid.	3	3036	01:52:20a
	You fucking drive in here like a fucking maniac,	9	3037	01:52:22a
	you know the attention that that fucking draws?	8	3038	01:52:24a
	I'm not stupid.	3	3039	01:52:24b
	I'm smart.	2	3040	01:52:25a
	Smart?	1	3041	01:52:26a
	I make million-dollar deals.	4	3042	01:52:26b
	That right?	2	3043	01:52:29a
	With smart important people,	4	3044	01:52:29b
	unlike you.	2	3045	01:52:31a
	People who don't sucker-punch people when they're scared.	8	3046	01:52:31b
	Okay? I'm scared, huh?	4	3047	01:52:35a
	And by the way, I haven't gotten an apology yet for that.	12	3048	01:52:38a
	You want an apology, okay.	5	3049	01:52:39a
	I check my fucking messages every day when I come home from work.	13	3050	01:52:40a
	Did you?	2	3051	01:52:42a
	My answering machine.	3	3052	01:52:42b
	Zero. Didn't get one, huh?	5	3053	01:52:43a
	I got a blinking light, because I don't have shit from you.	12	3054	01:52:45a
	You know what, you got a big fucking mouth,	9	3055	01:52:45b
	okay? I got my wife checking the messages every 45 minutes calling the office,	14	3056	01:52:48a
	saying, Has Brad apologized yet?	5	3057	01:52:51a
	Is there an apology message on the machine?	8	3058	01:52:53a
	I don't have jack shit.	5	3059	01:52:53b
	You know what?	3	3060	01:52:55a
	That's not how you treat people.	6	3061	01:52:56a
	You got a big fucking mouth,	6	3062	01:52:56b
	you know.	2	3063	01:52:58a
	I'm gonna give you a fucking pass.	7	3064	01:52:58b
	Just give me the case.	5	3065	01:52:59a
	You're gonna give me a pass?	6	3066	01:53:01a
	Look, it's a figure of fucking speech.	7	3067	01:53:03a
	Oh, my gosh.	3	3068	01:53:03b
	The Emperor of Fucksville came down from Fucksville to give me a pass!	13	3069	01:53:07a
	From Fucksville, huh?	3	3070	01:53:08a
	Hey, what are the citizens of Fucksville doing today when their Emperor's gone?	13	3071	01:53:11a
	Is it mayhem?	3	3072	01:53:13a
	Are people looting and raping?	5	3073	01:53:15a
	What are all the little fuckheads doing while you're here?	10	3074	01:53:17a
	Go fuck yourself!	3	3075	01:53:17b
	Give me the bag.	4	3076	01:53:18a
	You back the fuck up.	5	3077	01:53:20a
	I'll cause the biggest fucking scene that I've ever caused in my life if you come at me again.	19	3078	01:53:23a
	You know what?	3	3079	01:53:25a
	Just fucking keep it down.	5	3080	01:53:27a
	I got...	2	3081	01:53:28a
	I don't wanna be out of line or anything,	9	3082	01:53:31a
	but I think you like, like me.	7	3083	01:53:31b
	Like you...	2	3084	01:53:33a
	Like when you come at me...	6	3085	01:53:34a
	What's the matter with you?	5	3086	01:53:34b
	What the fuck is...	4	3087	01:53:36a
	...and you look at me.	5	3088	01:53:36b
	I swear I just noticed it.	6	3089	01:53:37a
	You have like a fucking, like...	6	3090	01:53:39a
	Like a twinkle.	3	3091	01:53:39b
	You have like a twinkle.	5	3092	01:53:41a
	Are you trying to kiss me,	6	3093	01:53:41b
	bro? Jesus fucking Christ.	4	3094	01:53:44a
	What's with you?	3	3095	01:53:44b
	I have a...	3	3096	01:53:44c
	I don't know.	3	3097	01:53:46a
	It's not a homophobic thing.	5	3098	01:53:46b
	All right...	2	3099	01:53:48a
	You're just not the one for me, pal.	8	3100	01:53:49a
	You know what I mean?	5	3101	01:53:49b
	It's not...	2	3102	01:53:51a
	It's not about that for me,	6	3103	01:53:51b
	you know.	2	3104	01:53:51c
	I've heard enough.	3	3105	01:53:53a
	Please, I'm begging, give me the fucking case.	8	3106	01:53:55a
	I'm gonna give you the case.	6	3107	01:53:55b
	Give me the case.	4	3108	01:53:57a
	You gotta do me one favor.	6	3109	01:53:57b
	What's that?	2	3110	01:53:58a
	You gotta take this case, you gotta drive straight home,	10	3111	01:54:01a
	need you to open up the briefcase,	7	3112	01:54:03a
	and you take out every single dollar.	7	3113	01:54:05a
	Don't leave one dollar inside the briefcase.	7	3114	01:54:07a
	And once you have it all neatly organized outside the briefcase,	11	3115	01:54:10a
	I need you to take it and I need you to shove it right up your wife's Latvian cunt,	19	3116	01:54:13a
	you understand?	2	3117	01:54:15a
	My fucking wife!	3	3118	01:54:15b
	Chill!	1	3119	01:54:15c
	Chill, bro.	2	3120	01:54:17a
	Fuck. You motherfucking piece of shit!	6	3121	01:54:18a
	How about now?	3	3122	01:54:18b
	Go, go!	2	3123	01:54:20a
	Fuck! Motherfuck!	2	3124	01:54:22a
	You're fucking dead!	3	3125	01:54:24a
	Stop! Don't move!	3	3126	01:54:24b
	Don't move!	2	3127	01:54:26a
	Stop, or I will blow you the fuck away!	9	3128	01:54:29a
	Drop the case!	3	3129	01:54:29b
	Put your hands in the air!	6	3130	01:54:31a
	Get down.	2	3131	01:54:31b
	Get down on your knees!	5	3132	01:54:34a
	Get down on your knees!	5	3133	01:54:36a
	Motherfucker!	1	3134	01:54:39a
	Motherfucker!	1	3135	01:54:50a
	Jordan, do I have a surprise for you!	8	3136	01:54:54a
	What's that?	2	3137	01:54:54b
	Twenty real Lemmons.	3	3138	01:54:56a
	Retired pharmacist's client of mine,	5	3139	01:54:57a
	they've been in the safe for 15 years.	8	3140	01:54:58a
	Are you fucking kidding me?	5	3141	01:54:58b
	Lemmons?	1	3142	01:55:00a
	Ha-ha!	1	3143	01:55:01a
	They're gonna knock us on our fucking heads.	8	3144	01:55:03a
	When it comes to Quaaludes,	5	3145	01:55:03b
	the Lemmon 714 was the Holy Grail.	7	3146	01:55:08a
	Can you believe it?	4	3147	01:55:08b
	Oh, my God.	3	3148	01:55:10a
	I thought they were like a myth.	7	3149	01:55:11a
	Three times as powerful as anything available today.	8	3150	01:55:13a
	Look at these babies.	4	3151	01:55:14a
	Boy, Donnie really knew how to celebrate.	7	3152	01:55:17a
	He said he was saving these for a special occasion.	10	3153	01:55:19a
	Like a birthday, or being clap free,	7	3154	01:55:22a
	or our money arriving safely in Switzerland.	7	3155	01:55:25a
	So that night, I cleared my schedule and I rid my body of anything that could fuck with my high.	20	3156	01:55:31a
	It was celebration time.	4	3157	01:55:37a
	Okay. Start off with one, see how it goes?	9	3158	01:55:40a
	My guy says all we'll need is one.	8	3159	01:55:42a
	Here you go.	3	3160	01:55:44a
	Salud!	1	3161	01:55:44b
	Cheers.	1	3162	01:55:46a
	Maybe if I pull it again, it'll go down.	9	3163	01:55:50a
	Steve!	1	3164	01:55:50b
	Steve!	1	3165	01:55:51a
	I gotta get out of here!	6	3166	01:55:53a
	Carl, I think I got it figured out.	8	3167	01:55:54a
	It must be one pull for up and two pulls for down.	12	3168	01:55:58a
	Okay. Do you feel anything?	5	3169	01:56:13a
	No. It's been 35 minutes.	5	3170	01:56:18a
	Hmm. Maybe we've built up a tolerance after all these years,	11	3171	01:56:21a
	huh? Hmm.	2	3172	01:56:37a
	This is bullshit!	3	3173	01:56:39a
	My metabolism's pumping.	3	3174	01:56:39b
	I can't feel shit!	4	3175	01:56:42a
	They're old.	2	3176	01:56:43a
	You think they lost their potency,	6	3177	01:56:43b
	huh? Check the bottle!	4	3178	01:56:50a
	January '81.	2	3179	01:56:52a
	They're fucking duds.	3	3180	01:56:52b
	Fuck! Let's take...	3	3181	01:56:54a
	Let's take two more each.	5	3182	01:56:59a
	Jordan.	1	3183	01:57:00a
	Yeah, baby.	2	3184	01:57:05a
	What are you two retards doing?	6	3185	01:57:07a
	We're working out, honey.	4	3186	01:57:08a
	Well, Bo Dietl's on the phone.	6	3187	01:57:10a
	Okay. Okay?	2	3188	01:57:11a
	Okay. Hey, Bo, what's going on?	6	3189	01:57:16a
	Jordan, listen to me clearly.	5	3190	01:57:17a
	I cannot talk to you on this phone,	8	3191	01:57:17b
	I have to talk to you.	6	3192	01:57:20a
	Get out of here.	4	3193	01:57:20b
	What's going on?	3	3194	01:57:21a
	Listen to me!	3	3195	01:57:21b
	Leave the fucking house, Jordan,	5	3196	01:57:25a
	and then call me from a pay phone.	8	3197	01:57:27a
	This is not a fucking joke, Jordan.	7	3198	01:57:29a
	Yeah, yeah.	2	3199	01:57:29b
	Yeah. Shit.	2	3200	01:57:31a
	What'd he say?	3	3201	01:57:32a
	I don't know what the fuck's going on.	8	3202	01:57:34a
	I gotta go!	3	3203	01:57:34b
	Is everything okay, Jordan?	4	3204	01:57:46a
	The closest pay phone I could get to was at the Brookville Country Club.	14	3205	01:57:51a
	It was a real WASP stronghold,	6	3206	01:57:53a
	just a mile down the road from my house.	9	3207	01:58:05a
	Hey, Bo, what's up, it's me.	6	3208	01:58:05b
	What's going on?	3	3209	01:58:06a
	I'm at a pay phone.	5	3210	01:58:06b
	What's going on?	3	3211	01:58:08a
	Listen to me carefully.	4	3212	01:58:09a
	Please.	1	3213	01:58:09b
	Your little friend there, Brad,	5	3214	01:58:11a
	your little buddy, he's in jail.	6	3215	01:58:13a
	What the fuck's he in jail for?	7	3216	01:58:15a
	What'd he do?	3	3217	01:58:15b
	I don't know what he did.	6	3218	01:58:16a
	My friends in Long Island told me he got picked up in some fucking shopping mall.	16	3219	01:58:20a
	He got locked up by...	5	3220	01:58:21a
	Wait, wait.	2	3221	01:58:21b
	Did you...	2	3222	01:58:21c
	Did you say a shopping mall?	6	3223	01:58:23a
	Yeah. He was with Donnie.	5	3224	01:58:25a
	He was supposed to deliver some money,	7	3225	01:58:26a
	then that fucking fat piece of shit...	7	3226	01:58:26b
	Listen to me!	3	3227	01:58:28a
	I gotta go fucking talk to him right now!	9	3228	01:58:29a
	Listen to me!	3	3229	01:58:29b
	Don't go!	2	3230	01:58:29c
	Listen to me.	3	3231	01:58:31a
	That guy Denham, that FBI agent guy,	7	3232	01:58:33a
	somebody told me he's got your phones tapped.	8	3233	01:58:36a
	Your office and your home.	5	3234	01:58:37a
	Don't talk on the motherfucking phone!	6	3235	01:58:39a
	Okay. Fuck!	2	3236	01:58:39b
	I got it.	3	3237	01:58:39c
	I got it.	3	3238	01:58:39d
	I got it.	3	3239	01:58:42a
	Jordan.	1	3240	01:58:44a
	You didn't try to bribe this fucking FBI agent,	9	3241	01:58:44b
	did you?	2	3242	01:58:47a
	No, I didn't try to bribe an FBI agent.	9	3243	01:58:49a
	You think I'm that fucking stupid?	6	3244	01:58:49b
	No. What the fuck did you say?	7	3245	01:58:51a
	I can't understand you.	4	3246	01:58:53a
	Say that again.	3	3247	01:58:54a
	I said...	2	3248	01:58:54b
	What the fuck are you saying?	6	3249	01:58:59a
	I said...	2	3250	01:59:01a
	Are you fucking high?	4	3251	01:59:03a
	Jordan, are you fucking high?	5	3252	01:59:09a
	Jordan, do me a favor, stay where you are.	9	3253	01:59:11a
	Don't get behind the wheel of the car.	8	3254	01:59:13a
	I'm gonna send Rocco over to pick you up.	9	3255	01:59:14a
	Jordan!	1	3256	01:59:14b
	Jordan!	1	3257	01:59:16a
	After 15 years in storage,	5	3258	01:59:18a
	the Lemmons had developed a delayed fuse.	7	3259	01:59:21a
	It took 90 minutes for these little fuckers to kick in.	11	3260	01:59:24a
	But once they did...	4	3261	01:59:25a
	Pow! I mean, I had skipped the tingle phase and went straight to the drool phase.	16	3262	01:59:30a
	Tell me where you are!	5	3263	01:59:30b
	Don't fucking drive...	3	3264	01:59:32a
	These little bastards were so strong,	6	3265	01:59:34a
	I discovered a whole new phase.	6	3266	01:59:36a
	The cerebral palsy phase.	4	3267	01:59:41a
	Come on, stand up!	4	3268	01:59:47a
	Okay, walking's out.	3	3269	01:59:50a
	All right, think, think.	4	3270	01:59:50b
	What else is there?	4	3271	01:59:53a
	Yes! I can crawl.	4	3272	01:59:53b
	I can crawl like Skylar!	5	3273	02:00:07a
	Fuck!	1	3274	02:00:29a
	The kid makes it look so goddamn easy!	8	3275	02:00:39a
	Think, you motherfucker, think!	4	3276	02:00:41a
	Yes! I got it!	4	3277	02:00:43a
	I've got it!	3	3278	02:00:45a
	I can roll!	3	3279	02:00:45b
	I can roll!	3	3280	02:00:59a
	Ah! Ah!	2	3281	02:02:06a
	Jordan.	1	3282	02:02:11a
	Jordan.	1	3283	02:02:14a
	Oh, Jesus.	2	3284	02:02:14b
	Where are you?	3	3285	02:02:16a
	I'm at a country club!	5	3286	02:02:17a
	What? I'm at a country club!	6	3287	02:02:21a
	I don't know what the fuck you're saying.	8	3288	02:02:23a
	Look, you need to get home.	6	3289	02:02:24a
	Donnie is out of control!	5	3290	02:02:24b
	He's on the other line with some Swiss guy.	9	3291	02:02:27a
	I don't know...	3	3292	02:02:29a
	What? Get him off the phone!	6	3293	02:02:33a
	I can't understand you!	4	3294	02:02:36a
	Get him off the phone!	5	3295	02:02:40a
	I don't know what the fuck you're saying, Jordan.	9	3296	02:02:41a
	Can you just get home?	5	3297	02:02:41b
	Hurry!	1	3298	02:02:42a
	I was less than a mile from home.	8	3299	02:02:54a
	I drove as slow as I fucking could.	8	3300	02:02:57a
	I'd seen Jell-O move faster.	5	3301	02:02:59a
	I was gonna give you two million.	7	3302	02:03:02a
	I's gonna be lates.	4	3303	02:03:05a
	You ate two million?	4	3304	02:03:08a
	Later.	1	3305	02:03:09a
	Get off the phone.	4	3306	02:03:09b
	Get off the fucking phone!	5	3307	02:03:09c
	Idiot!	1	3308	02:03:12a
	Get out of the way, asshole!	6	3309	02:03:16a
	(DONNIE SPEAKING GIBBERISH ON PHONE)	5	3310	02:03:18a
	You hate two million?	4	3311	02:03:19a
	No, you don't hate two million, Donnie.	7	3312	02:03:23a
	By some miracle, I made it home alive,	8	3313	02:03:26a
	not a scratch on me or the car.	8	3314	02:03:29a
	Jordan?	1	3315	02:03:38a
	Jesus fucking Christ!	3	3316	02:03:42a
	What did you take?	4	3317	02:03:44a
	What's wrong with you?	4	3318	02:03:45a
	Jor! It's fucking good, right?	5	3319	02:03:49a
	Fucked up!	2	3320	02:03:50a
	Get off the phone!	4	3321	02:03:56a
	What the fuck, Jordan?	4	3322	02:03:58a
	Your daughter's in the house!	5	3323	02:04:00a
	I hope you know that!	5	3324	02:04:01a
	Your fucking daughter's in the house!	6	3325	02:04:04a
	Yeah, it's real fucking funny, Donnie.	6	3326	02:04:05a
	Get off the phone!	4	3327	02:04:08a
	Jesus Christ, Jordan.	3	3328	02:04:09a
	The FBI!	2	3329	02:04:12a
	Hey! I'm on phone!	4	3330	02:04:16a
	Get off the fucking phone!	5	3331	02:04:20a
	Come here!	2	3332	02:04:20b
	...the phone.	2	3333	02:04:24a
	Come on.	2	3334	02:04:24b
	We're gonna go upstairs, all right.	6	3335	02:04:29a
	Ow! I'm on the phone!	5	3336	02:04:34a
	On the phone!	3	3337	02:04:35a
	I know what you did, you piece of shit!	9	3338	02:04:40a
	What? What?	2	3339	02:04:41a
	Brad! Brad!	2	3340	02:04:46a
	Brad! You fucking cocksucker!	4	3341	02:04:52a
	What did you do, you piece of shit?	8	3342	02:04:58a
	Fuck you!	2	3343	02:05:01a
	I wanna fucking kill you!	5	3344	02:05:03a
	I wanna fucking kill you!	5	3345	02:05:06a
	I got you!	3	3346	02:05:10a
	What the fuck happened?	4	3347	02:05:35a
	Oh, shit!	2	3348	02:05:36a
	Jordan?	1	3349	02:05:36b
	Jordan, are you all right?	5	3350	02:05:38a
	Donnie?	1	3351	02:05:38b
	Donnie?	1	3352	02:05:40a
	Donnie?	1	3353	02:05:41a
	Jordan, he's not breathing.	4	3354	02:05:42a
	Oh, fuck, I don't know what to do.	8	3355	02:05:44a
	Jordan, I don't know what the fuck to do!	9	3356	02:05:46a
	I can't help him!	4	3357	02:05:46b
	Oh, my God.	3	3358	02:05:46c
	Jordan.	1	3359	02:05:49a
	Oh, my God, I think he's choking, Jordan.	8	3360	02:05:49b
	Do something.	2	3361	02:05:52a
	Oh, God.	2	3362	02:05:52b
	Baby, I got you!	4	3363	02:05:54a
	He's not breathing, Jordan.	4	3364	02:05:54b
	You gotta do something!	4	3365	02:05:58a
	Shit! Oh, my God!	4	3366	02:05:58b
	Oh, my God!	3	3367	02:06:00a
	Ah! I got you.	4	3368	02:06:04a
	Oh! Step aside!	3	3369	02:06:25a
	Oh, God!	2	3370	02:06:26a
	Oh, God!	2	3371	02:06:28a
	Move aside, baby.	3	3372	02:06:30a
	Come on!	2	3373	02:06:37a
	Come on!	2	3374	02:06:39a
	Come on!	2	3375	02:06:41a
	Jordan, he's not breathing.	4	3376	02:06:45a
	You gotta do something.	4	3377	02:06:48a
	Jordan, he's a father!	4	3378	02:06:48b
	He's got fucking kids!	4	3379	02:06:50a
	Do something!	2	3380	02:06:50b
	Yeah? Rocco, you gotta get over here.	7	3381	02:06:59a
	Come on.	2	3382	02:06:59b
	Call an ambulance!	3	3383	02:07:01a
	I don't fucking know!	4	3384	02:07:02a
	Just get over here!	4	3385	02:07:02b
	Call 911.	2	3386	02:07:04a
	Yeah. You all right?	4	3387	02:07:15a
	He's all right.	3	3388	02:07:30a
	Mr. Belfort?	2	3389	02:07:33a
	Mr. Belfort?	2	3390	02:07:37a
	Get the fuck out of here.	6	3391	02:07:37b
	Fuck. Sir, we need to ask you some questions.	9	3392	02:07:43a
	Are you fucking kidding me?	5	3393	02:07:43b
	Fuck you.	2	3394	02:07:45a
	Come on, get up.	4	3395	02:07:47a
	Get the fuck out of my house.	7	3396	02:07:50a
	Let's go.	2	3397	02:07:50b
	I've been here all night.	5	3398	02:07:52a
	I been sitting here all night.	6	3399	02:07:53a
	What the fuck are you talking about?	7	3400	02:07:55a
	Where you taking him?	4	3401	02:07:55b
	Where you taking me?	4	3402	02:07:57a
	Where you taking him?	4	3403	02:07:57b
	You ain't got no warrant.	5	3404	02:07:59a
	Just come up in people's house like that!	8	3405	02:08:02a
	Did you drive your car tonight, Mr. Belfort?	8	3406	02:08:04a
	Huh? Well?	2	3407	02:08:10a
	Wow! Maybe I hadn't made it home okay.	8	3408	02:08:28a
	Get out of the fucking way!	6	3409	02:08:33a
	Fuck! Did you drive that car tonight?	7	3410	02:08:44a
	Yeah. Yeah, right.	3	3411	02:08:47a
	I'm a family man!	4	3412	02:08:49a
	Family man.	2	3413	02:08:49b
	Honey!	1	3414	02:08:50a
	It was a miracle I wasn't killed,	7	3415	02:08:52a
	or that I didn't kill anybody else.	7	3416	02:08:55a
	The cops took me in for questioning,	7	3417	02:08:55b
	but they couldn't charge me.	5	3418	02:08:59a
	They had no proof I was even behind the wheel.	10	3419	02:09:01a
	Meanwhile, Brad did three months in jail for contempt because he wouldn't rat Donnie out.	15	3420	02:09:07a
	The result, I was scot-free.	5	3421	02:09:10a
	But I had eyes on me like never before.	9	3422	02:09:12a
	You're a lucky man, Jordan.	5	3423	02:09:14a
	You're lucky to be alive, let alone not in jail.	10	3424	02:09:17a
	You know I don't believe in luck,	7	3425	02:09:17b
	right?	1	3426	02:09:19a
	But it's time.	3	3427	02:09:20a
	Please, let me call the SEC and cut a deal before your luck runs out.	15	3428	02:09:25a
	Wave to Daddy.	3	3429	02:09:26a
	Hey. Hey, sweetie.	3	3430	02:09:30a
	What kind of terms would you be talking about if I...	11	3431	02:09:38a
	I don't know.	3	3432	02:09:39a
	You plead guilty to a handful of securities violations,	9	3433	02:09:42a
	stock manipulation, high-pressure sales tactics.	5	3434	02:09:45a
	Ticky-tack shit like that,	4	3435	02:09:45b
	you know.	2	3436	02:09:48a
	You pay a couple million dollars in fines,	8	3437	02:09:50a
	in exchange, the SEC fucks off till the end of time.	11	3438	02:09:55a
	And Stratton?	2	3439	02:09:57a
	What happens to Stratton?	4	3440	02:10:00a
	There's no way...	3	3441	02:10:00b
	I mean...	2	3442	02:10:00c
	You got to walk away.	5	3443	02:10:00d
	Right?	1	3444	02:10:02a
	Let Donnie be in charge.	5	3445	02:10:03a
	Right.	1	3446	02:10:03b
	Donnie.	1	3447	02:10:06a
	Now the FBI is another animal completely.	7	3448	02:10:08a
	They'll still be pursuing you for criminal wrongdoing.	8	3449	02:10:10a
	However, with you stepping down voluntarily,	6	3450	02:10:13a
	my guess is that your best friend Agent Denham will be standing around with his dick in his	18	3451	02:10:15a
	hand. Jordan.	2	3452	02:10:20a
	What do you have to think about?	7	3453	02:10:22a
	You beat them.	3	3454	02:10:23a
	You won!	2	3455	02:10:25a
	God knows you never have to work again.	8	3456	02:10:26a
	What're you gonna do?	4	3457	02:10:26b
	Spend the rest of your life in jail?	8	3458	02:10:28a
	Is that what you want?	5	3459	02:10:28b
	No. Of course not.	4	3460	02:10:29a
	Okay. Okay!	2	3461	02:10:31a
	You got all the money in the world.	8	3462	02:10:33a
	You need everybody else's money?	5	3463	02:10:35a
	Of course not, Pops.	4	3464	02:10:35b
	Well? You know, I built it.	6	3465	02:10:36a
	I know you built it.	5	3466	02:10:38a
	You built it, so now preserve it.	7	3467	02:10:41a
	You know, five years ago, when I started Stratton Oakmont with Donnie Azoff,	13	3468	02:11:16a
	I knew the day would eventually come where I'd have to be moving on.	14	3469	02:11:22a
	And it's truly with a heavy heart that I'm here to say that...	13	3470	02:11:29a
	That that day is finally here.	6	3471	02:11:31a
	I wanna...	2	3472	02:11:35a
	I want to thank you all for your...	8	3473	02:11:38a
	Your years of loyalty and admiration.	6	3474	02:11:40a
	But the point is this.	5	3475	02:11:43a
	Under Donnie's leadership,	3	3476	02:11:44a
	along with Nicky Koskoff and Robbie Feinberg moving into key management positions,	12	3477	02:11:47a
	this place really is gonna be better than ever!	9	3478	02:11:52a
	That I promise you.	4	3479	02:11:52b
	Okay? Give them a round of applause.	7	3480	02:11:54a
	Come on.	2	3481	02:12:00a
	This is Ellis Island here, people.	6	3482	02:12:03a
	I don't care who you are, where you're from,	9	3483	02:12:05a
	whether your relatives came over on the fucking Mayflower or on an inner tube from Haiti,	16	3484	02:12:09a
	this right here is the land of opportunity.	8	3485	02:12:12a
	Stratton Oakmont is America!	4	3486	02:12:18a
	All of you know Kimmie Belzer,	6	3487	02:12:18b
	right?	1	3488	02:12:20a
	Yes, we do.	3	3489	02:12:20b
	Fuck you.	2	3490	02:12:23a
	Come on, Kimmie.	3	3491	02:12:24a
	What you probably didn't know is,	6	3492	02:12:26a
	Kimmie was one of the first brokers here,	8	3493	02:12:28a
	one of Stratton's original 20.	5	3494	02:12:31a
	Now most of you met Kimmie,	6	3495	02:12:33a
	the beautiful sophisticated woman that she is today.	8	3496	02:12:36a
	A woman that wears $3,000 Armani suits.	7	3497	02:12:40a
	Who drives a brand-new Mercedes-Benz.	5	3498	02:12:45a
	A woman who spends her winters in the Bahamas and summers in the Hamptons!	14	3499	02:12:55a
	That's not the Kimmie that I met.	7	3500	02:13:00a
	The Kimmie that I met didn't have two nickels to rub together.	12	3501	02:13:05a
	She was a single mom on the balls of her ass with an eight-year-old son.	15	3502	02:13:10a
	Okay? She was three months behind on her rent.	9	3503	02:13:14a
	And when she came to me and asked me for a job,	12	3504	02:13:17a
	she asked for a $5,000 advance just so she could pay her son's tuition.	14	3505	02:13:27a
	And what'd I do, Kimmie?	5	3506	02:13:29a
	Go on, tell them.	4	3507	02:13:33a
	You wrote me a check for $25,000.	7	3508	02:13:38a
	That's right.	2	3509	02:13:40a
	Thank you.	2	3510	02:13:45a
	And you know why that is?	6	3511	02:13:50a
	It's because I believed in you.	6	3512	02:13:54a
	It's because I believed in you,	6	3513	02:13:54b
	Kimmie, just like I believe in each and every one of you here today.	14	3514	02:14:01a
	I fucking love you, Jordan!	5	3515	02:14:02a
	I fucking love you.	4	3516	02:14:03a
	I fucking love you!	4	3517	02:14:03b
	I love you.	3	3518	02:14:05a
	I fucking love you, too!	5	3519	02:14:05b
	I fucking love you, too!	5	3520	02:14:11a
	And I love all of you!	6	3521	02:14:13a
	And I love all of you from the bottom of my heart.	12	3522	02:14:16a
	I fucking love you, too.	5	3523	02:14:17a
	I mean that.	3	3524	02:14:19a
	You are the shit.	4	3525	02:14:19b
	You are the fucking shit.	5	3526	02:14:28a
	It's a shame, you know.	5	3527	02:14:32a
	For years, I've been telling you guys never to take no for an answer,	14	3528	02:14:34a
	right?	1	3529	02:14:36a
	You know, to keep pushing,	5	3530	02:14:36b
	to never hang up the phone until you get what you want.	12	3531	02:14:43a
	Because you all deserve it.	5	3532	02:14:47a
	You know, this fucking deal that I'm about to sign barring me from the securities industry,	16	3533	02:14:51a
	barring me from Stratton, my home.	6	3534	02:15:00a
	What the fuck is that, you know?	7	3535	02:15:03a
	I'll tell you what it is.	6	3536	02:15:03b
	It's...	1	3537	02:15:06a
	It's me taking no for an answer,	7	3538	02:15:06b
	you know.	2	3539	02:15:11a
	It's them...	2	3540	02:15:12a
	It's them selling me, not the other way around.	9	3541	02:15:16a
	It's me being a hypocrite is what it is.	9	3542	02:15:24a
	So... You know what?	4	3543	02:15:38a
	I'm not leaving.	3	3544	02:15:40a
	I'm not leaving.	3	3545	02:15:46a
	I'm not fucking leaving!	4	3546	02:15:47a
	You're not getting a fucking promotion!	6	3547	02:15:56a
	The show goes on!	4	3548	02:16:00a
	This is my home!	4	3549	02:16:01a
	They're gonna need a fucking wrecking ball to take me out of here!	13	3550	02:16:08a
	They're gonna need to send in the National Guard or fucking SWAT team 'cause I ain't going nowhere!	18	3551	02:16:12a
	Fuck them!	2	3552	02:16:21a
	Fuck them!	2	3553	02:16:26a
	Jordy!	1	3554	02:16:57a
	Jordy!	1	3555	02:16:59a
	Jordy!	1	3556	02:16:59b
	Get back here!	3	3557	02:17:02a
	Hey! Give me that.	4	3558	02:17:07a
	What is this?	3	3559	02:17:11a
	Ramar of the Jungle, for Christ sake?	7	3560	02:17:14a
	Paddy D, mazel tov, you Irishman.	6	3561	02:17:17a
	Jordan Belfort just welched on his deal with the SEC.	10	3562	02:17:21a
	He is back in the ocean.	6	3563	02:17:21b
	Happy hunting.	2	3564	02:17:32a
	It was our time to party big.	7	3565	02:17:39a
	And just as Brad was released from jail, too.	9	3566	02:17:42a
	I apologized, even offered to pay him for his time in the can.	13	3567	02:17:47a
	But he said no, that he was out.	8	3568	02:17:49a
	He didn't want any part of us.	7	3569	02:17:51a
	Sad thing was, two years later he was dead.	9	3570	02:17:56a
	Massive heart attack.	3	3571	02:17:56b
	Thirty-five.	1	3572	02:17:59a
	Same age Mozart died.	4	3573	02:18:02a
	Not that they have a hell of a lot in common, but...	12	3574	02:18:05a
	Anyway, I don't know why that came to mind.	9	3575	02:18:09a
	Within days, subpoenas started flying.	5	3576	02:18:13a
	Notices to produce documents,	4	3577	02:18:13b
	depositions, you name it.	4	3578	02:18:16a
	Donnie couldn't drink water fast enough.	6	3579	02:18:19a
	United States government wants to give me a subpoena?	9	3580	02:18:21a
	Here's what we do with subpoenas at Stratton Oakmont!	9	3581	02:18:30a
	Fuck you, USA!	3	3582	02:18:30b
	Fuck you!	2	3583	02:18:33a
	Fuck you!	2	3584	02:18:33b
	Fuck you!	2	3585	02:18:35a
	Fuck you!	2	3586	02:18:44a
	Jordan Belfort.	2	3587	02:18:46a
	Alden.	1	3588	02:18:46b
	That's a nice name.	4	3589	02:18:48a
	Thank you very much for that.	6	3590	02:18:50a
	What kind of name is that?	6	3591	02:18:50b
	That is my name.	4	3592	02:18:52a
	I do not recall that.	5	3593	02:18:54a
	I do not recall that.	5	3594	02:18:54b
	Okay? Mr. Ming, thank you for coming in today.	9	3595	02:18:58a
	Are you gonna finish the rest of that Danish?	9	3596	02:19:00a
	Can I have that Danish?	5	3597	02:19:00b
	No, no, go ahead.	4	3598	02:19:01a
	They interrogated everybody.	3	3599	02:19:03a
	I got a low blood sugar, thyroid thing.	8	3600	02:19:05a
	It went on for months.	5	3601	02:19:05b
	It was a total fucking harassment.	6	3602	02:19:08a
	Tell him to proceed with the questions.	7	3603	02:19:10a
	But not a single Strattonite cracked.	6	3604	02:19:13a
	Gladys Carrera?	2	3605	02:19:14a
	Doesn't ring a bell.	4	3606	02:19:16a
	Sorry, I have no recommendation of that.	7	3607	02:19:19a
	No. No idea.	3	3608	02:19:21a
	I don't recall that transaction.	5	3609	02:19:21b
	You guys have any milk?	5	3610	02:19:23a
	Absolutely not.	2	3611	02:19:26a
	Francis	1	3612	02:19:26b
	Sortigi you called so many times I just thought you might remember that.	13	3613	02:19:30a
	Would you remember any of those?	6	3614	02:19:32a
	I do not recall any of that.	7	3615	02:19:32b
	This Abdul...	2	3616	02:19:33a
	I do not...	3	3617	02:19:33b
	No, I don't recall.	4	3618	02:19:36a
	It was a long phone call.	6	3619	02:19:37a
	I just wondered if you have any memory of that.	10	3620	02:19:39a
	Okay. You know we've talked to several of the employees at this firm and nobody can recall anything	18	3621	02:19:42a
	about this Steve Madden IPO.	5	3622	02:19:46a
	I think it's odd.	4	3623	02:19:49a
	Do you recall Cartage Corporation?	5	3624	02:19:51a
	Mmm. You do recall it?	5	3625	02:19:54a
	No, I don't recall that at all.	7	3626	02:19:56a
	Excuse me.	2	3627	02:19:56b
	I have to ask.	4	3628	02:19:56c
	Is that your real hair?	5	3629	02:20:00a
	Are you gonna say anything about that?	7	3630	02:20:02a
	Are you gonna comment on my hair?	7	3631	02:20:03a
	Is that how we're doing...	5	3632	02:20:03b
	Is this personal questions?	4	3633	02:20:05a
	I'm just wondering why you would wear something like that.	10	3634	02:20:07a
	Sorry.	1	3635	02:20:07b
	I don't recall that company.	5	3636	02:20:11a
	Can I get you anything else,	6	3637	02:20:11b
	gentlemen?	1	3638	02:20:13a
	Yes. Sweetheart, I have a rare condition which requires me to drink one of those every 15 minutes,	18	3639	02:20:14a
	please.	1	3640	02:20:18a
	We were specifically advised not to leave the country.	9	3641	02:20:22a
	So, we took our wives to Italy.	7	3642	02:20:24a
	We figured we were safer working from overseas giving orders to Rugrat.	12	3643	02:20:28a
	Nobody could arrest us and nobody could prove I was still running Stratton from a yacht.	16	3644	02:20:32a
	Hey, Rugrat.	2	3645	02:20:34a
	Oh! Bonjour.	2	3646	02:20:35a
	You bald-headed eagle, how you doing?	6	3647	02:20:37a
	Donnie, Donnie, listen!	3	3648	02:20:38a
	We have a problem, okay.	5	3649	02:20:39a
	Your friend, Steve Madden,	4	3650	02:20:39b
	is unloading shares.	3	3651	02:20:43a
	What are you saying?	4	3652	02:20:43b
	Who told you that?	4	3653	02:20:45a
	What's going on?	3	3654	02:20:45b
	He's doing it, Donnie!	4	3655	02:20:46a
	He said that Steve Madden's unloading shares.	7	3656	02:20:49a
	Who told you that?	4	3657	02:20:49b
	It's bullshit!	2	3658	02:20:50a
	Give me that goddamn phone.	5	3659	02:20:53a
	What's going on?	3	3660	02:20:54a
	Jordan, look.	2	3661	02:20:54b
	I'm watching the screen and huge chunks of Steve Madden are being sold, okay.	14	3662	02:20:59a
	It's not coming from us, so it's gotta be Steve.	10	3663	02:21:01a
	He's the only person with that many shares.	8	3664	02:21:04a
	It's Donnie.	2	3665	02:21:04b
	Call me back, all right.	5	3666	02:21:05a
	Donnie, your little friend is trying to fuck me,	9	3667	02:21:05b
	you know that.	3	3668	02:21:07a
	Your little friend is trying to fuck me right in the ass.	12	3669	02:21:09a
	Get him on the phone now!	6	3670	02:21:09b
	We don't know anything yet.	5	3671	02:21:11a
	Let's not jump to conclusions.	5	3672	02:21:12a
	Even though I owned 85% of Steve-cocksucking-	7	3673	02:21:14a
	motherfucking-Madden Shoes,	2	3674	02:21:17a
	the shares were in his fucking name.	7	3675	02:21:20a
	This motherfucker knew I was in trouble with the feds and was trying to take advantage.	16	3676	02:21:24a
	Talk to me, man.	4	3677	02:21:24b
	How do you wanna play this?	6	3678	02:21:26a
	I want you to get all our clients on the phone right now and have them start selling Steve Madden.	20	3679	02:21:27a
	We're gonna drive that fucking price down!	7	3680	02:21:30a
	Do you hear me?	4	3681	02:21:30b
	Shut the fuck up!	4	3682	02:21:32a
	This is your fucking friend from high school.	8	3683	02:21:34a
	If that little fucking prick thinks he can fuck with me,	11	3684	02:21:36a
	we'll turn his company into a penny stock!	8	3685	02:21:36b
	You hear me?	3	3686	02:21:38a
	You got it?	3	3687	02:21:38b
	Yes. I got it!	4	3688	02:21:40a
	Let's just not jump to conclusions before we know what's going on.	12	3689	02:21:43a
	Captain Ted!	2	3690	02:21:44a
	Captain Ted!	2	3691	02:21:46a
	Hang up your phones!	4	3692	02:21:46b
	Everybody, hey!	2	3693	02:21:48a
	Turn the boat around!	4	3694	02:21:48b
	We're going home!	3	3695	02:21:52a
	Baby! Baby, what happened?	4	3696	02:21:57a
	I just...	2	3697	02:21:59a
	Sweetheart, what's going on?	4	3698	02:22:01a
	Aunt Emma...	2	3699	02:22:04a
	Just wait.	2	3700	02:22:05a
	I can't...	2	3701	02:22:07a
	What's going on?	3	3702	02:22:07b
	Why you crying?	3	3703	02:22:10a
	She's dead!	2	3704	02:22:10b
	Who? Who's dead?	3	3705	02:22:12a
	I just got a call from my cousin Betty.	9	3706	02:22:15a
	Yeah? Aunt Emma is dead.	5	3707	02:22:19a
	Are you fucking kidding me?	5	3708	02:22:20a
	No. You're serious?	3	3709	02:22:24a
	Oh, my God!	3	3710	02:22:24b
	Baby, that's...	2	3711	02:22:26a
	Oh, fuck!	2	3712	02:22:28a
	Oh, sweetheart, that's just...	4	3713	02:22:30a
	Fucking heart attack!	3	3714	02:22:31a
	Boom, snap, gone.	3	3715	02:22:33a
	Shuffled off her mortal coil.	5	3716	02:22:35a
	And $20 million stuck in a Swiss bank account.	9	3717	02:22:38a
	The last time I talked to her she was fine!	10	3718	02:22:40a
	She's not that old.	4	3719	02:22:40b
	Oh, God!	2	3720	02:22:40c
	Baby, oh, God!	3	3721	02:22:42a
	That's so fucking terrible!	4	3722	02:22:45a
	Oh, fuck!	2	3723	02:22:47a
	It is terrible.	3	3724	02:22:48a
	Your aunt was such an elegant,	6	3725	02:22:48b
	attractive woman.	2	3726	02:22:50a
	My condolences to you and your family.	7	3727	02:22:52a
	Yes.	1	3728	02:22:52b
	We're absolutely devastated.	3	3729	02:22:54a
	Thank you so much for your condolences.	7	3730	02:22:56a
	Now where does that leave us in regard to her account exactly?	12	3731	02:22:59a
	Does it go into probate or what?	7	3732	02:23:00a
	Not to worry, Jordan.	4	3733	02:23:00b
	Not to worry.	3	3734	02:23:02a
	Your aunt, before she died,	5	3735	02:23:04a
	signed a document naming you as her successor.	8	3736	02:23:07a
	She did?	2	3737	02:23:08a
	Fantastic!	1	3738	02:23:08b
	Well, that's good news!	4	3739	02:23:10a
	Well, not as of yet.	5	3740	02:23:13a
	What does that mean?	4	3741	02:23:13b
	Not as of yet?	4	3742	02:23:15a
	I can't seem to hear you.	6	3743	02:23:19a
	I must have bad reception.	5	3744	02:23:19b
	Are you speaking English?	4	3745	02:23:22a
	Very...	1	3746	02:23:22b
	Now. Fast.	2	3747	02:23:22c
	Very fast.	2	3748	02:23:23a
	Fast? I have to get to Switzerland now?	8	3749	02:23:27a
	Speak English!	2	3750	02:23:29a
	Fucking speak English!	3	3751	02:23:31a
	Whoa! Hey, hey, hey.	4	3752	02:23:31b
	Hey! Quiet, okay?	3	3753	02:23:32a
	Take your suit, take your dick,	6	3754	02:23:32b
	okay, and move your ass!	5	3755	02:23:34a
	Please.	1	3756	02:23:34b
	Okay. Move my ass!	4	3757	02:23:36a
	Yes! I gotta say, these Swiss were some sneaky motherfuckers.	10	3758	02:23:42a
	Within minutes, he had me set up with a forger who could fake Aunt Emma's signature.	16	3759	02:23:46a
	You American shit!	3	3760	02:23:48a
	I just had to get there by tomorrow,	8	3761	02:23:48b
	or lose $20 million.	4	3762	02:23:51a
	We're going to Monaco!	4	3763	02:23:53a
	Monaco?	1	3764	02:23:53b
	Now? Yes, baby.	3	3765	02:23:56a
	We're going to Monaco, so then we can go to Switzerland,	11	3766	02:23:56b
	okay? But her aunt just died.	6	3767	02:23:58a
	I realize that.	3	3768	02:24:00a
	But I have business in Switzerland.	6	3769	02:24:02a
	I need to go to Switzerland right now.	8	3770	02:24:03a
	Bottom line.	2	3771	02:24:03b
	Sorry.	1	3772	02:24:06a
	We gotta get to London.	5	3773	02:24:08a
	Why? Why?	2	3774	02:24:11a
	The funeral!	2	3775	02:24:12a
	Yeah, but, babe.	3	3776	02:24:12b
	Look, look...	2	3777	02:24:15a
	I loved your aunt more than anyone in the entire world.	11	3778	02:24:16a
	I really did.	3	3779	02:24:18a
	But she's dead now, sweetie.	5	3780	02:24:21a
	She's dead and she's not going anywhere.	7	3781	02:24:23a
	She'll still be dead by the time we get to London,	11	3782	02:24:23b
	okay? Captain Ted!	3	3783	02:24:26a
	Captain Ted, all right, look.	5	3784	02:24:28a
	We're going to Monaco.	4	3785	02:24:28b
	Monaco now, okay?	3	3786	02:24:30a
	Monaco, right.	2	3787	02:24:32a
	We're going to Monaco so that we can drive to Switzerland so they don't stamp our passports.	17	3788	02:24:33a
	Take care of business here,	5	3789	02:24:35a
	we'll drive back to Monaco,	5	3790	02:24:36a
	take a flight over to London to catch the funeral and be in New York in three fucking business	19	3791	02:24:38a
	days! That's the fucking plan.	5	3792	02:24:41a
	I just want you to know that we might run into some chop.	13	3793	02:24:43a
	Chop? We can fucking handle chop,	6	3794	02:24:43b
	right?	1	3795	02:24:46a
	I mean, it's a 170-foot yacht.	6	3796	02:24:47a
	No, no, no.	3	3797	02:24:47b
	We're not going anywhere unless he says it's safe,	9	3798	02:24:49a
	all right.	2	3799	02:24:50a
	Don't worry about the chop.	5	3800	02:24:50b
	It's safe.	2	3801	02:24:51a
	You don't know shit about chop.	6	3802	02:24:53a
	Oh, really?	2	3803	02:24:53b
	And you do?	3	3804	02:24:53c
	You're a fucking expert on that.	6	3805	02:24:55a
	I'll chop your fucking credit card in half.	8	3806	02:24:55b
	How about that?	3	3807	02:24:58a
	Chop is fine.	3	3808	02:24:58b
	Trust me.	2	3809	02:24:58c
	Chop is fine.	3	3810	02:25:00a
	Is chop fine, Captain Ted?	5	3811	02:25:01a
	Uh... Yeah.	2	3812	02:25:03a
	I mean, if we take it slow.	7	3813	02:25:05a
	Yeah, we're gonna take it slow.	6	3814	02:25:06a
	It's a little uncomfortable.	4	3815	02:25:06b
	Tell them it's safe.	4	3816	02:25:07a
	It's gonna be safe.	4	3817	02:25:09a
	We'll batten down the hatches and secure the deck.	9	3818	02:25:12a
	And we're looking at a few...	6	3819	02:25:12b
	Maybe a few broken dishes.	5	3820	02:25:16a
	Few broken dishes.	3	3821	02:25:16b
	What's a few broken dishes?	5	3822	02:25:19a
	Does that sound fucking awesome or what?	7	3823	02:25:20a
	No. Not really.	3	3824	02:25:21a
	We're gonna have a fucking good time!	7	3825	02:25:23a
	Let's go to fucking Monaco now!	6	3826	02:25:25a
	Let's fucking move!	3	3827	02:25:25b
	Let's go!	2	3828	02:25:26a
	Hold on!	2	3829	02:25:36a
	What the fuck is going on out here?	8	3830	02:25:39a
	The Jet Skis just went overboard!	6	3831	02:25:41a
	Oh, Jesus Christ!	3	3832	02:25:41b
	Honey, you okay?	3	3833	02:25:43a
	Gale warning!	2	3834	02:25:43b
	Gale warning!	2	3835	02:25:46a
	The waves are 20 feet high and building!	8	3836	02:25:48a
	Turn around, let's go the other fucking way.	8	3837	02:25:50a
	We can't!	2	3838	02:25:50b
	Go! We'll get broad-sided.	4	3839	02:25:52a
	It'll tip over!	3	3840	02:25:54a
	I am a master diver.	5	3841	02:25:54b
	You hear that?	3	3842	02:25:56a
	I'm a master diver!	4	3843	02:25:57a
	No one's gonna fucking die!	5	3844	02:25:59a
	I got you, baby.	4	3845	02:25:59b
	I got you.	3	3846	02:25:59c
	Trust me, okay?	3	3847	02:26:01a
	I love you.	3	3848	02:26:03a
	I love you, baby.	4	3849	02:26:03b
	Just hold on tight.	4	3850	02:26:05a
	Okay. Donnie!	2	3851	02:26:09a
	Hold on, baby!	3	3852	02:26:10a
	Donnie!	1	3853	02:26:13a
	Donnie!	1	3854	02:26:14a
	What? Hold on, baby.	4	3855	02:26:16a
	Get the fucking ludes.	4	3856	02:26:17a
	I don't wanna die, Jordan!	5	3857	02:26:19a
	I did a lot of bad shit.	7	3858	02:26:19b
	I'm going to hell, Jordan!	5	3859	02:26:21a
	I fucked up!	3	3860	02:26:21b
	I fucked up so bad!	5	3861	02:26:24a
	Get the ludes!	3	3862	02:26:24b
	Downstairs!	1	3863	02:26:26a
	What are you saying?	4	3864	02:26:28a
	Fuck! Get the ludes!	4	3865	02:26:32a
	I can't go down there, Jordan.	6	3866	02:26:32b
	It's flooded.	2	3867	02:26:33a
	It's three feet of water down there!	7	3868	02:26:35a
	I will not die sober!	5	3869	02:26:38a
	Get those fucking ludes!	4	3870	02:26:39a
	Okay! Go!	2	3871	02:26:41a
	Okay. Where's he going?	4	3872	02:26:45a
	Hold on, baby!	3	3873	02:26:47a
	Donnie!	1	3874	02:26:47b
	Is he fucking crazy?	4	3875	02:26:48a
	He's just warning everybody!	4	3876	02:26:54a
	Jesus Christ!	2	3877	02:27:05a
	Hold on!	2	3878	02:27:06a
	Get away from the window!	5	3879	02:27:08a
	Rogue wave!	2	3880	02:27:09a
	Mayday!	1	3881	02:27:11a
	This is Captain Ted Beecham aboard the yacht Naomi!	9	3882	02:27:13a
	We are going down!	4	3883	02:27:13b
	I got 'em!	3	3884	02:27:15a
	I got 'em!	3	3885	02:27:17a
	Give me one for the nerves!	6	3886	02:27:19a
	We're going down!	3	3887	02:27:20a
	This is a fucking Mayday!	5	3888	02:27:22a
	We require immediate assistance!	4	3889	02:27:26a
	Hold on!	2	3890	02:27:28a
	Watch out!	2	3891	02:27:29a
	The nice thing about getting rescued by Italians is that they feed you,	13	3892	02:27:44a
	make you drink red wine, then you get to dance.	10	3893	02:28:06a
	Did you see that?	4	3894	02:28:08a
	That was the plane I sent to come get us.	10	3895	02:28:12a
	I shit you not, it exploded when a seagull flew into the engine.	13	3896	02:28:15a
	Three people killed.	3	3897	02:28:22a
	You want a sign from God?	6	3898	02:28:24a
	Well, after all this, I finally got the message.	9	3899	02:28:29a
	Do you dream of becoming financially independent but struggle every month just to pay your bills?	16	3900	02:28:36a
	Would you like to own a home like this,	9	3901	02:28:41a
	but can barely afford to pay your rent?	8	3902	02:28:43a
	My name is Jordan Belfort,	5	3903	02:28:43b
	and there's no secret to wealth creation.	7	3904	02:28:47a
	No matter who you are, no matter where you came from,	11	3905	02:28:50a
	you too can become financially independent in just a matter of months.	12	3906	02:28:54a
	All you need is a strategy.	6	3907	02:28:56a
	When I was 24 years old, I made a decision not just to survive,	14	3908	02:28:58a
	but to thrive.	3	3909	02:29:02a
	At first I didn't feel like deals like these were possible.	11	3910	02:29:04a
	But we have the house and we have a $33,000 profit.	11	3911	02:29:08a
	I certainly believe now.	4	3912	02:29:09a
	Think about it for a second.	6	3913	02:29:10a
	If you don't have the guts to attend Jordan Belfort's Straight Line Persuasion System seminar,	15	3914	02:29:12a
	then how do you expect to make any money?	9	3915	02:29:17a
	If you want to be a millionaire someday,	8	3916	02:29:19a
	have some guts.	3	3917	02:29:19b
	Make a decision.	3	3918	02:29:20a
	Jordan Belfort's setup worked for me because I worked hard for it.	12	3919	02:29:23a
	And if it doesn't work for you,	7	3920	02:29:23b
	it's because you're lazy.	4	3921	02:29:26a
	And you should get a job at McDonald's.	8	3922	02:29:28a
	There's nobody holding you back from financial freedom.	8	3923	02:29:30a
	And there's nobody stopping you from making millions.	8	3924	02:29:33a
	Don't just sit at home, or the life of your dreams will sail right past you.	16	3925	02:29:40a
	I changed all these people's lives and I can change yours,	11	3926	02:29:40b
	too!	1	3927	02:29:44a
	So come to my seminar!	5	3928	02:29:45a
	The life of your dreams is only...	7	3929	02:29:46a
	Good to see you again, Jordan.	6	3930	02:29:48a
	You're under arrest!	3	3931	02:29:49a
	You gotta be joking!	4	3932	02:29:52a
	You're kidding me.	3	3933	02:29:53a
	Hey, get the fuck away from me!	7	3934	02:29:55a
	Turn that camera off.	4	3935	02:29:56a
	I'm fucking shooting a fucking infomercial here,	7	3936	02:29:59a
	you fucking cocksucker!	3	3937	02:30:00a
	Fuck you, you motherfucker!	4	3938	02:30:00b
	Shut the fucking camera off.	5	3939	02:30:02a
	You don't got shit on me, you hear me!	9	3940	02:30:04a
	Go fuck yourself!	3	3941	02:30:05a
	I'm making an honest living,	5	3942	02:30:05b
	you fucking piece of shit!	5	3943	02:30:07a
	Hey, Jordan, let me give you a little legal advice.	10	3944	02:30:10a
	Shut the fuck up!	4	3945	02:30:12a
	Oh, fuck you, you fucking prick!	6	3946	02:30:13a
	I'm making an honest living,	5	3947	02:30:13b
	you motherfucker!	2	3948	02:30:18a
	I clean up my act.	5	3949	02:30:19a
	I did rehab.	3	3950	02:30:19b
	I'm a TV personality.	4	3951	02:30:22a
	I'm sober for two years.	5	3952	02:30:22b
	And this happens!	3	3953	02:30:25a
	Rugrat goes and gets busted down in Miami.	8	3954	02:30:27a
	I'm Swiss, I'm not communist.	5	3955	02:30:28a
	And guess who the fuck with?	6	3956	02:30:28b
	Saurel.	1	3957	02:30:30a
	You gonna beat me?	4	3958	02:30:30b
	No, sir.	2	3959	02:30:31a
	Yeah, I know your country.	5	3960	02:30:31b
	You're gonna beat me.	4	3961	02:30:34a
	I mean, what are the fucking odds?	7	3962	02:30:35a
	There had to be 10,000 Swiss bankers in Geneva,	9	3963	02:30:38a
	and Rugrat gets the one dumb enough to get himself arrested on U.S. soil.	14	3964	02:30:42a
	I know.	2	3965	02:30:44a
	I'm so sorry.	3	3966	02:30:47a
	Even more fucked was that he got busted for shit that had nothing to do with me.	17	3967	02:30:52a
	It had nothing to fucking do with me.	8	3968	02:30:53a
	Something about laundering drug money through offshore boat racing and a guy named Rocky Aoki,	15	3969	02:30:55a
	you know, the founder of Benihana.	6	3970	02:31:01a
	Benihana.	1	3971	02:31:02a
	Beni-fucking-hana!	1	3972	02:31:04a
	Beni-fucking-hana!	1	3973	02:31:06a
	Why? Why, why, God?	4	3974	02:31:09a
	Why would you be so cruel as to choose a chain of fucking hibachi restaurants to take me down?	19	3975	02:31:13a
	Long story short.	3	3976	02:31:16a
	Saurel rats me out.	4	3977	02:31:19a
	But not before he rats out Brad's wife,	8	3978	02:31:19b
	Chantalle, who, it turns out,	5	3979	02:31:22a
	he'd been fucking every time she went to Switzerland!	9	3980	02:31:28a
	No, no, no, it's impossible.	5	3981	02:31:28b
	Oui, oui, oui.	3	3982	02:31:33a
	All right!	2	3983	02:31:33b
	Ah! One count engaging in conspiracy to commit securities fraud.	10	3984	02:31:38a
	Two counts securities fraud.	4	3985	02:31:41a
	One count engaging in conspiracy to commit money laundering.	9	3986	02:31:44a
	Twenty-one counts money laundering.	4	3987	02:31:47a
	One count obstruction of justice.	5	3988	02:31:50a
	Bail is set at $10 million.	6	3989	02:32:08a
	Uncle Donnie's here!	3	3990	02:32:10a
	Rocky.	1	3991	02:32:10b
	How you doing?	3	3992	02:32:13a
	Woof. I hate that fucking dog.	6	3993	02:32:15a
	Yeah, he's getting old and decrepit.	6	3994	02:32:18a
	Starting to shit in the house again.	7	3995	02:32:19a
	Me, too.	2	3996	02:32:19b
	Come here, buddy.	3	3997	02:32:21a
	Ah, fuck.	2	3998	02:32:22a
	It's good to see you, pal.	6	3999	02:32:22b
	Yeah, you, too.	3	4000	02:32:24a
	Good to see you.	4	4001	02:32:25a
	Sit down.	2	4002	02:32:25b
	Oh, man.	2	4003	02:32:30a
	How you doing, brother?	4	4004	02:32:32a
	You know.	2	4005	02:32:34a
	Shitty, pal.	2	4006	02:32:35a
	But I'm hanging in there.	5	4007	02:32:39a
	My new piece of jewelry.	5	4008	02:32:39b
	Check that out.	3	4009	02:32:41a
	Can't leave the house, you know?	6	4010	02:32:44a
	Starting to get cabin fever already.	6	4011	02:32:47a
	Fucking Rugrat.	2	4012	02:32:49a
	That wig-wearing faggot.	3	4013	02:32:50a
	I can't believe that fucking guy.	6	4014	02:32:50b
	I wanna kill him.	4	4015	02:32:53a
	Swear to God, I want to choke him to death.	10	4016	02:32:55a
	Irresponsible little prick.	3	4017	02:32:58a
	I'll tell you one thing.	5	4018	02:33:01a
	I'm never eating at Benihana again.	6	4019	02:33:05a
	I don't care whose birthday it is.	7	4020	02:33:08a
	Where's Naomi?	2	4021	02:33:08b
	How's she doing?	3	4022	02:33:10a
	That's her in the house there.	6	4023	02:33:12a
	You could say hi, but she probably won't wave back.	10	4024	02:33:14a
	Naomi, sweetheart!	2	4025	02:33:19a
	What's up her ass?	4	4026	02:33:20a
	Is she mad at me?	5	4027	02:33:20b
	No, you know...	3	4028	02:33:22a
	We probably have to mortgage the house in order to make bail.	12	4029	02:33:25a
	Probably end up selling the thing in order to pay for all the lawyers.	14	4030	02:33:29a
	It's been a nightmare, buddy,	5	4031	02:33:29b
	to tell you the truth.	5	4032	02:33:32a
	What are you gonna do, right?	6	4033	02:33:34a
	Anyway, how's Stratton?	3	4034	02:33:34b
	That's more important.	3	4035	02:33:37a
	How's morale?	2	4036	02:33:39a
	They all pissed off 'cause they have to make money legally now?	12	4037	02:33:41a
	Jordan.	1	4038	02:33:41b
	Hmm? I got the founding partners together.	7	4039	02:33:46a
	I talked to them about everything.	6	4040	02:33:49a
	And I got you.	4	4041	02:33:51a
	What do you mean, you got me?	7	4042	02:33:53a
	The house, money, don't worry about it.	7	4043	02:33:53b
	I got you.	3	4044	02:34:02a
	All right.	2	4045	02:34:03a
	I love you, buddy.	4	4046	02:34:04a
	You know I'd do it for you,	7	4047	02:34:04b
	right?	1	4048	02:34:04c
	I know.	2	4049	02:34:06a
	You know that, right?	4	4050	02:34:06b
	I know.	2	4051	02:34:09a
	I could fucking kiss you all over.	7	4052	02:34:11a
	All right, enough, enough.	4	4053	02:34:12a
	You want a beer, pal?	5	4054	02:34:15a
	What are you drinking?	4	4055	02:34:16a
	I got this non-alcoholic shit.	5	4056	02:34:18a
	What's that?	2	4057	02:34:20a
	A non-alcoholic beer.	3	4058	02:34:20b
	It's got no alcohol.	4	4059	02:34:23a
	It's a beer?	3	4060	02:34:24a
	Yeah, with no alcohol.	4	4061	02:34:26a
	But if you drink enough, if you drink a lot,	10	4062	02:34:27a
	they get you fucked up?	5	4063	02:34:29a
	No, there's no alcohol.	4	4064	02:34:29b
	That's the fucking point.	4	4065	02:34:31a
	I'm not a scientist.	4	4066	02:34:32a
	I don't know what the fuck you're talking about.	9	4067	02:34:34a
	I can get you a beer if you want a fucking beer.	12	4068	02:34:35a
	I know, but I don't drink.	6	4069	02:34:35b
	You remember?	2	4070	02:34:38a
	I don't drink anymore.	4	4071	02:34:39a
	Oh, you wanna go inside and blow some lines of baking powder?	12	4072	02:34:41a
	Or baking soda...	3	4073	02:34:41b
	Can't imagine ever not enjoying getting fucked up.	8	4074	02:34:46a
	Yeah. I love it.	4	4075	02:34:47a
	How's being sober?	3	4076	02:34:49a
	Fucking sucks.	2	4077	02:34:49b
	Boring, right?	2	4078	02:34:51a
	So boring.	2	4079	02:34:51b
	I wanna kill myself.	4	4080	02:34:54a
	There's a term, and we don't like to use it unless circumstances dictate,	13	4081	02:34:58a
	and I think they do dictate in this case,	9	4082	02:35:00a
	and the term is Grenada.	5	4083	02:35:01a
	Have you ever heard of Grenada?	6	4084	02:35:03a
	No. No, I haven't.	4	4085	02:35:05a
	Grenada's very interesting because it is a small island nation that was invaded by the United	16	4086	02:35:08a
	States of America in 1983.	5	4087	02:35:11a
	It's about 90,000 people.	4	4088	02:35:14a
	And essentially, it means this case is unloseable.	8	4089	02:35:19a
	Okay?	1	4090	02:35:20a
	So, you know, we can come in,	7	4091	02:35:21a
	we can have our dick hanging out of our pants.	10	4092	02:35:23a
	Nobody gives a fuck.	4	4093	02:35:25a
	I'm gonna win.	3	4094	02:35:26a
	You, sir, are what's known as a Grenada.	8	4095	02:35:32a
	Hmm. You're looking at real prison time.	7	4096	02:35:39a
	Hmm. Money laundering can get you as much as 20 years.	11	4097	02:35:43a
	And our case couldn't be stronger if we caught you shoving cash in your mattress.	15	4098	02:35:48a
	Is that right?	3	4099	02:35:50a
	Hey, Jordan.	2	4100	02:35:50b
	Jordan.	1	4101	02:35:53a
	Your rotting away in jail till your kids get out of college,	12	4102	02:35:57a
	that's not our ambition here.	5	4103	02:36:00a
	There's other people involved in this, too.	7	4104	02:36:02a
	We think they need to see their day in court as well.	12	4105	02:36:08a
	Why do I sense there's an offer in the air?	10	4106	02:36:10a
	Look at him.	3	4107	02:36:10b
	He's got a sense.	4	4108	02:36:10c
	What are you, Kreskin?	4	4109	02:36:14a
	Full cooperation.	2	4110	02:36:14b
	He provides us with a comprehensive list of all the co-conspirators spanning the last seven	15	4111	02:36:17a
	years, and he also agrees to wear a wire.	9	4112	02:36:21a
	Wait...	1	4113	02:36:23a
	Did you just say wear a wire?	7	4114	02:36:25a
	A wire.	2	4115	02:36:25b
	Mmm-hmm.	1	4116	02:36:26a
	What does that mean?	4	4117	02:36:27a
	You want me to rat?	5	4118	02:36:27b
	Is that it?	3	4119	02:36:29a
	No, I want you to cooperate.	6	4120	02:36:31a
	No. You want me to rat, right?	7	4121	02:36:31b
	Yes. We want you to rat.	6	4122	02:36:33a
	That's fucking exactly what we want you to do.	9	4123	02:36:33b
	To rat.	2	4124	02:36:41a
	How was Cristy's party?	4	4125	02:36:43a
	Fine. Good.	2	4126	02:36:46a
	Babe, I spoke to the lawyers again today.	8	4127	02:36:49a
	I have some really, really great news.	7	4128	02:36:52a
	Mmm-hmm.	1	4129	02:36:53a
	Turns out you're completely off the hook, honey.	8	4130	02:36:57a
	I know that already.	4	4131	02:36:59a
	Right.	1	4132	02:36:59b
	Exactly.	1	4133	02:37:00a
	You never did anything wrong in the first place,	9	4134	02:37:00b
	right?	1	4135	02:37:04a
	It turns out, all the FBI really wants from me is to cooperate.	13	4136	02:37:11a
	You know?	2	4137	02:37:12a
	Turns out I have so much information about the stock market and Wall Street,	14	4138	02:37:15a
	I could save the government years of heartache,	8	4139	02:37:17a
	not to mention countless dollars.	5	4140	02:37:20a
	Mmm-hmm.	1	4141	02:37:21a
	But it gets even better, babe.	6	4142	02:37:24a
	Because if I do decide to cooperate,	7	4143	02:37:27a
	I might only be looking at four short years,	9	4144	02:37:30a
	in which case, you know, we could start fresh,	9	4145	02:37:32a
	maybe sell the house.	4	4146	02:37:35a
	And any fines that I'd have to pay wouldn't be due till after I serve my term,	17	4147	02:37:38a
	so we'd still have plenty of money left over,	9	4148	02:37:38b
	you know?	2	4149	02:37:41a
	Mmm-hmm.	1	4150	02:37:44a
	The only thing that of course bummed me out a little bit is this whole idea of having to give	20	4151	02:37:48a
	information about my friends.	4	4152	02:37:51a
	Like you said,	3	4153	02:37:51b
	There's no friends on Wall Street.	6	4154	02:37:51c
	Right?	1	4155	02:37:54a
	Right.	1	4156	02:37:54b
	Right.	1	4157	02:37:54c
	Exactly.	1	4158	02:37:56a
	There's a silver lining to that,	6	4159	02:37:56b
	too, honey.	2	4160	02:37:58a
	Because they said eventually...	4	4161	02:38:00a
	Eventually everyone's gonna have to give information on this case.	10	4162	02:38:03a
	So, at the end of the day,	7	4163	02:38:03b
	it might not even be a factor.	7	4164	02:38:03c
	You know?	2	4165	02:38:06a
	Well, that's good news.	4	4166	02:38:06b
	Right?	1	4167	02:38:08a
	Yeah, yeah.	2	4168	02:38:10a
	I'm really happy for you.	5	4169	02:38:13a
	What do you mean, happy for me,	7	4170	02:38:13b
	sweetheart?	1	4171	02:38:17a
	You should be happy for the both of us.	9	4172	02:38:17b
	Right?	1	4173	02:38:20a
	Yeah, right.	2	4174	02:38:20b
	All right.	2	4175	02:38:24a
	Come here, baby.	3	4176	02:38:26a
	Give me a kiss, sweetheart.	5	4177	02:38:27a
	Jordan...	1	4178	02:38:28a
	Oh, come on, baby.	4	4179	02:38:30a
	I haven't made love to you in so long.	9	4180	02:38:30b
	Please.	1	4181	02:38:32a
	No. Jordan, stop it.	4	4182	02:38:33a
	Come on, honey, please.	4	4183	02:38:34a
	No! Jordan, stop it!	4	4184	02:38:38a
	I've loved you since the moment I saw you.	9	4185	02:38:42a
	I fucking hate you, Jordan.	5	4186	02:38:46a
	Get off me!	3	4187	02:38:48a
	Baby...	1	4188	02:38:48b
	Don't do that.	3	4189	02:38:50a
	You know how much I love you,	7	4190	02:38:50b
	right?	1	4191	02:38:52a
	Stop that, sweetie.	3	4192	02:38:52b
	Please.	1	4193	02:38:59a
	You wanna fuck me, Jordan?	5	4194	02:39:03a
	You wanna fuck me?	4	4195	02:39:06a
	Good. Go ahead.	3	4196	02:39:09a
	Go ahead and fuck me.	5	4197	02:39:12a
	I want you to fuck me real hard.	8	4198	02:39:15a
	I want you to fuck me like it's the last fucking time.	12	4199	02:39:17a
	Why are you moving like that?	6	4200	02:39:17b
	Come on.	2	4201	02:39:19a
	Please hold still.	3	4202	02:39:20a
	Cause I want you to come for me, baby.	9	4203	02:39:21a
	Come on, babe.	3	4204	02:39:23a
	Come for me, baby.	4	4205	02:39:24a
	I want you to come for me like it's the last fucking time.	13	4206	02:39:27a
	Yeah? Yeah.	2	4207	02:39:29a
	Come on, baby.	3	4208	02:39:29b
	Come for me.	3	4209	02:39:29c
	Come for me, baby.	4	4210	02:39:31a
	Come on, baby.	3	4211	02:39:33a
	Yeah? Yeah.	2	4212	02:39:34a
	Yeah, baby, come.	3	4213	02:39:34b
	You want me to come for you?	7	4214	02:39:36a
	Yeah. You want me to come for you?	8	4215	02:39:38a
	Yeah! Huh?	2	4216	02:39:40a
	You want me to come for you?	7	4217	02:39:44a
	Oh, God, baby.	3	4218	02:39:44b
	Yeah! Oh, God.	3	4219	02:39:46a
	Oh, God.	2	4220	02:39:50a
	Oh, God.	2	4221	02:39:51a
	Oh, God.	2	4222	02:39:54a
	Jesus.	1	4223	02:39:58a
	Oh, baby.	2	4224	02:40:01a
	That was so fucking great!	5	4225	02:40:03a
	Oh, God!	2	4226	02:40:07a
	That was the last time.	5	4227	02:40:09a
	What do you mean, baby?	5	4228	02:40:11a
	I mean that was the last time we ever have sex.	11	4229	02:40:15a
	What are you talking about?	5	4230	02:40:19a
	I want a divorce.	4	4231	02:40:23a
	What do you mean, you want a divorce?	8	4232	02:40:25a
	What's that supposed to mean,	5	4233	02:40:25b
	you want a divorce?	4	4234	02:40:27a
	Get off me!	3	4235	02:40:27b
	I want a divorce.	4	4236	02:40:29a
	You just made love to me.	6	4237	02:40:30a
	What the fuck is wrong with you?	7	4238	02:40:32a
	I don't love you anymore, Jordan!	6	4239	02:40:35a
	Oh, you don't love me?	5	4240	02:40:38a
	You don't love me anymore,	5	4241	02:40:38b
	huh? Well, isn't that just fucking convenient for you!	9	4242	02:40:42a
	Now that I'm under federal indictment,	6	4243	02:40:44a
	with an electronic bracelet around my ankle,	7	4244	02:40:46a
	now you decide you don't fucking love me anymore.	9	4245	02:40:47a
	Is that right?	3	4246	02:40:47b
	No, no.	2	4247	02:40:49a
	What kind of person are you?	6	4248	02:40:49b
	Tell me.	2	4249	02:40:52a
	You married me!	3	4250	02:40:53a
	What the fuck is that supposed to mean?	8	4251	02:40:55a
	Jordan, this is how it's gonna go.	7	4252	02:40:56a
	I'm gonna take custody of the kids.	7	4253	02:40:59a
	If you agree to the divorce right now,	8	4254	02:41:01a
	I will allow visitation.	4	4255	02:41:01b
	Okay? Don't try to fight it.	6	4256	02:41:02a
	Oh, my God.	3	4257	02:41:04a
	It'll save us both a lot of money and I got a feeling you're gonna need it.	17	4258	02:41:10a
	You're not taking my kids, sweetheart.	6	4259	02:41:10b
	You hear me?	3	4260	02:41:13a
	I've already talked to the lawyer.	6	4261	02:41:15a
	He said even if you don't get convicted,	8	4262	02:41:16a
	I've got a good chance of getting them.	8	4263	02:41:17a
	I got news for you.	5	4264	02:41:19a
	You're not fucking taking my children,	6	4265	02:41:19b
	you vicious fucking cunt, you!	5	4266	02:41:22a
	Fuck you, you fucking bitch!	5	4267	02:41:25a
	You're not fucking taking my goddamn fucking kids!	8	4268	02:41:27a
	You hear me?	3	4269	02:41:27b
	Fuck you!	2	4270	02:41:28a
	You're not fucking taking my fucking kids!	7	4271	02:41:40a
	Fucking bitch!	2	4272	02:41:42a
	Fucking whore!	2	4273	02:41:46a
	Fucking bitch!	2	4274	02:41:50a
	Piece of shit fucking whore!	5	4275	02:41:53a
	Look at yourself, Jordan.	4	4276	02:42:04a
	You're sick!	2	4277	02:42:06a
	You're a sick man!	4	4278	02:42:07a
	Fuck you!	2	4279	02:42:07b
	I told you, you're not taking my fucking kids!	9	4280	02:42:09a
	You think I would let my kids near you?	9	4281	02:42:12a
	Look at yourself!	3	4282	02:42:13a
	You know what my lawyer said?	6	4283	02:42:14a
	My lawyer said that you're going to prison for 20 years, Jordan.	12	4284	02:42:18a
	Twenty fucking years!	3	4285	02:42:18b
	You're never gonna see the kids again!	7	4286	02:42:21a
	You don't think I'm gonna see my...	7	4287	02:42:23a
	No, I'm not fucking letting you near my kids!	9	4288	02:42:24a
	You don't think I'm gonna see my fucking kids again,	10	4289	02:42:24b
	huh? Don't you fucking touch them!	6	4290	02:42:29a
	Don't you fucking touch me!	5	4291	02:42:33a
	Sweetheart?	1	4292	02:42:33b
	You're coming on a trip with Daddy,	7	4293	02:42:33c
	all right?	2	4294	02:42:36a
	You're coming on a trip with Daddy.	7	4295	02:42:41a
	Don't you fucking touch her, Jordan.	6	4296	02:42:43a
	I swear to God, I will fucking kill you!	9	4297	02:42:49a
	It's all right, baby.	4	4298	02:42:50a
	You and Daddy are gonna go on a little trip together,	11	4299	02:42:50b
	okay? A little trip together.	5	4300	02:42:53a
	Violet!	1	4301	02:42:55a
	Violet!	1	4302	02:42:56a
	Get the key!	3	4303	02:42:56b
	Get the key!	3	4304	02:42:56c
	I got it!	3	4305	02:42:58a
	Jordan, you open this fucking door right now!	8	4306	02:43:00a
	Open the door!	3	4307	02:43:01a
	Put your seat belt on.	5	4308	02:43:03a
	There you go.	3	4309	02:43:03b
	Get your legs in.	4	4310	02:43:04a
	I'm taking her with me!	5	4311	02:43:06a
	I told you I'm taking her with me,	8	4312	02:43:07a
	you fucking bitch!	3	4313	02:43:07b
	You're not gonna stop me!	5	4314	02:43:09a
	You're not gonna stop me!	5	4315	02:43:12a
	We're going on a little trip, honey.	7	4316	02:43:14a
	No! No!	2	4317	02:43:17a
	Get the hell out of here!	6	4318	02:43:18a
	Leave that baby alone!	4	4319	02:43:20a
	Violet!	1	4320	02:43:20b
	Garage door!	2	4321	02:43:20c
	Close it!	2	4322	02:43:23a
	Mommy!	1	4323	02:43:24a
	Get out of here!	4	4324	02:43:24b
	Open the fucking door!	4	4325	02:43:26a
	Mommy!	1	4326	02:43:31a
	No! Oh, Lord!	3	4327	02:43:40a
	Oh, my heavens...	3	4328	02:43:43a
	Get the baby!	3	4329	02:43:44a
	Naomi, get the baby!	4	4330	02:43:47a
	Mommy.	1	4331	02:43:47b
	Honey, it's okay.	3	4332	02:43:49a
	It's gonna be okay.	4	4333	02:43:50a
	Oh, Mr. Jordan has lost his mind.	7	4334	02:43:53a
	Baby...	1	4335	02:43:53b
	It's all right, honey.	4	4336	02:43:55a
	She all right?	3	4337	02:43:57a
	Is she all right?	4	4338	02:43:59a
	What's the matter with you?	5	4339	02:44:01a
	Is she all right?	4	4340	02:44:09a
	Paragraph one.	2	4341	02:44:11a
	The defendant shall plead guilty to all counts of the indictment currently pending against him	15	4342	02:44:13a
	in the United States District Court for the Eastern District of New York.	13	4343	02:44:20a
	Paragraph two.	2	4344	02:44:21a
	Talk normally.	2	4345	02:44:23a
	The defendant shall participate in undercover activities...	7	4346	02:44:26a
	Breathe normally.	2	4347	02:44:28a
	...including wearing a recording device,	5	4348	02:44:28b
	also known as a wire...	5	4349	02:44:31a
	After five minutes, you'll forget you even have it on.	10	4350	02:44:33a
	...in conjunction with the investigation...	5	4351	02:44:34a
	Fucking brutal.	2	4352	02:44:36a
	Quit your bitching.	3	4353	02:44:37a
	Paragraph four.	2	4354	02:44:37b
	The defendant must not commit,	5	4355	02:44:39a
	or attempt to commit, any further crimes.	7	4356	02:44:41a
	Please.	1	4357	02:44:41b
	Let me just sign the fucking thing already.	8	4358	02:44:45a
	Thank you.	2	4359	02:44:49a
	Just here?	2	4360	02:44:50a
	That'd be good.	3	4361	02:44:54a
	Thank you.	2	4362	02:44:55a
	It wasn't even a choice.	5	4363	02:44:58a
	For the next six hours, I came up with a list.	11	4364	02:45:01a
	Friends, enemies, business associates.	4	4365	02:45:04a
	Anybody who'd ever known me or taken so much as a stock tip.	13	4366	02:45:08a
	Wolfie!	1	4367	02:45:13a
	Wolfie!	1	4368	02:45:13b
	Wolfie!	1	4369	02:45:18a
	The first name on the list was Donnie.	8	4370	02:45:20a
	Jordan, do you know how good it is to have you back in this office?	15	4371	02:45:26a
	It's not the same when you're gone.	7	4372	02:45:29a
	It's sad, you understand?	4	4373	02:45:29b
	It's like...	2	4374	02:45:30a
	That fucking Steve Madden,	4	4375	02:45:30b
	huh? I can't...	3	4376	02:45:33a
	Swear to God, I can't even think about it.	9	4377	02:45:35a
	Every time I think about him,	6	4378	02:45:35b
	my blood boils.	3	4379	02:45:37a
	I can't even say his name.	6	4380	02:45:39a
	I know.	2	4381	02:45:39b
	It's, like, disgusting.	3	4382	02:45:40a
	I grew up with this guy and he betrays me like that.	12	4383	02:45:43a
	Ugh! He ever get back to you about that...	9	4384	02:45:48a
	About that account?	3	4385	02:45:55a
	You remember.	2	4386	02:45:57a
	It was like four or five mil,	7	4387	02:45:57b
	something like that, right?	4	4388	02:45:59a
	He was supposed to kick back four or five mil,	10	4389	02:45:59b
	was it?	2	4390	02:46:06a
	Actually, I was...	3	4391	02:46:08a
	I was fucked up, Jordan, so I don't really remember.	10	4392	02:46:09a
	Yeah. Yeah, right.	3	4393	02:46:10a
	Stupid.	1	4394	02:46:13a
	Well, if he calls you, you make sure and contact me,	11	4395	02:46:13b
	okay? Yeah.	2	4396	02:46:19a
	Of course.	2	4397	02:46:19b
	Yeah. Of course, yeah.	4	4398	02:46:21a
	No, of course.	3	4399	02:46:26a
	You gonna eat that last piece of yellowtail,	8	4400	02:46:26b
	bud? No, it's all yours.	5	4401	02:46:33a
	Can I get this?	4	4402	02:46:36a
	So, what else is...	4	4403	02:46:41a
	Well, how's Naomi and everything?	5	4404	02:46:43a
	You know how it is.	5	4405	02:46:44a
	She hates my fucking guts.	5	4406	02:46:48a
	How's Hildy?	2	4407	02:46:48b
	Good? She's still alive, so my life is fucked,	9	4408	02:46:51a
	you know?	2	4409	02:46:54a
	Yeah. Mr. Jordan.	3	4410	02:47:04a
	Mmm? Mr. Jordan, you got a visitor.	7	4411	02:47:08a
	What? You've got a visitor.	5	4412	02:47:13a
	I need you to get dressed.	6	4413	02:47:29a
	Why? What the fuck's going on?	6	4414	02:47:36a
	You're going to jail.	4	4415	02:47:50a
	All right.	2	4416	02:47:51a
	I'll get some clothes on.	5	4417	02:47:53a
	We'll give you a hand with that.	7	4418	02:48:04a
	Okay. FBI!	2	4419	02:48:20a
	Everybody sit down.	3	4420	02:48:20b
	Put your hands where they can be seen,	8	4421	02:48:20c
	and shut up!	3	4422	02:48:23a
	Don't you fucking touch me.	5	4423	02:48:24a
	Get your fucking hands off me!	6	4424	02:48:27a
	Don't get out of your seats!	6	4425	02:48:42a
	It's fucking Chanel!	3	4426	02:48:45a
	I gave up everyone.	4	4427	02:48:58a
	And in return, I got three years in some hellhole in Nevada I'd never even heard of.	17	4428	02:49:06a
	Like my pops, Mad Max, had said,	7	4429	02:49:09a
	The chickens had come home to roost.	7	4430	02:49:13a
	Whatever the fuck that means.	5	4431	02:49:19a
	I hope Your Honor would agree that Mr. Belfort has distinguished himself in terms of his cooperation.	17	4432	02:49:22a
	Mr. Belfort has helped the government win convictions of over two dozen serious offenders and	15	4433	02:49:30a
	helped them recover millions of dollars to be made available for restitution to their victims.	15	4434	02:49:32a
	The sentence of the court shall be 36 months in federal prison.	12	4435	02:49:44a
	Please remand the defendant.	4	4436	02:49:48a
	I'm sorry.	2	4437	02:49:51a
	That's okay.	2	4438	02:50:42a
	I'm not ashamed to admit it.	6	4439	02:50:45a
	When we arrived at the prison,	6	4440	02:50:46a
	I was absolutely terrified.	4	4441	02:50:49a
	Belfort, on your feet.	4	4442	02:50:51a
	But I needn't have been.	5	4443	02:50:53a
	You see, for a brief fleeting moment,	7	4444	02:50:57a
	I'd forgotten I was rich.	5	4445	02:51:00a
	And I lived in a place where everything was for sale.	11	4446	02:51:06a
	Wouldn't you like to learn how to sell it?	9	4447	02:51:08a
	So listen.	2	4448	02:51:08b
	I've met some bad motherfuckers in my life.	8	4449	02:51:11a
	I'm talking about rock stars,	5	4450	02:51:11b
	professional athletes, gangsters.	3	4451	02:51:15a
	I'm telling you, some real bad motherfuckers.	7	4452	02:51:17a
	But this guy, my good friend, Mr. Jordan Belfort,	9	4453	02:51:19a
	is the single baddest motherfucker I have ever met.	9	4454	02:51:25a
	So I want you right now to give a warm Auckland,	11	4455	02:51:27a
	New Zealand welcome for my good friend and the world's greatest sales trainer, Mr. Jordan Belfort!	16	4456	02:51:35a
	Thank you.	2	4457	02:51:52a
	Sell me this pen.	4	4458	02:52:19a
	It's, uh...	2	4459	02:52:19b
	It's an amazing pen.	4	4460	02:52:23a
	For professionals, it's a...	4	4461	02:52:28a
	Sell me this pen.	4	4462	02:52:31a
	Well, it's a nice pen.	5	4463	02:52:32a
	You can use the pen to write down thoughts from your life so you can...	15	4464	02:52:39a
	Sell me this pen.	4	4465	02:52:44a
	Well...	1	4466	02:52:46a
	This pen works and I personally love this pen...	9	4467	02:52:55a